date,FSI,NFP,ICI,TY10,CCI,EPU,GDP,UR,M2,CPI,GPR,M1,Manu PMI,Serv PMI
2020-01-01,1.75,5.3,55.9,3.1463,126.4,755.26,209671.1,5.61,2023066.49,5.38,114.53,545531.79,50.0,53.1
2020-01-02,1.75,5.3,55.9,3.1446,126.4,755.26,209671.1,5.61,2023066.49,5.38,163.18,545531.79,50.0,53.1
2020-01-03,1.75,5.3,55.9,3.1463,126.4,755.26,209671.1,5.61,2023066.49,5.38,80.79,545531.79,50.0,53.1
2020-01-06,1.75,5.3,55.9,3.132,126.4,755.26,209671.1,5.61,2023066.49,5.38,251.99,545531.79,50.0,53.1
2020-01-07,1.75,5.3,55.9,3.1375,126.4,755.26,209671.1,5.61,2023066.49,5.38,413.46,545531.79,50.0,53.1
2020-01-08,1.75,5.3,55.9,3.1296,126.4,755.26,209671.1,5.61,2023066.49,5.38,180.61,545531.79,50.0,53.1
2020-01-09,1.75,5.3,55.9,3.1159,126.4,755.26,209671.1,5.61,2023066.49,5.38,394.46,545531.79,50.0,53.1
2020-01-10,1.75,5.3,55.9,3.0816,126.4,755.26,209671.1,5.61,2023066.49,5.38,167.3,545531.79,50.0,53.1
2020-01-13,1.75,5.3,55.9,3.0831,126.4,755.26,209671.1,5.61,2023066.49,5.38,152.73,545531.79,50.0,53.1
2020-01-14,1.75,5.3,55.9,3.0961,126.4,755.26,209671.1,5.61,2023066.49,5.38,131.78,545531.79,50.0,53.1
2020-01-15,1.75,5.3,55.9,3.0895,126.4,755.26,209671.1,5.61,2023066.49,5.38,153.53,545531.79,50.0,53.1
2020-01-16,1.75,5.3,55.9,3.0934,126.4,755.26,209671.1,5.61,2023066.49,5.38,145.95,545531.79,50.0,53.1
2020-01-17,1.75,5.3,55.9,3.0809,126.4,755.26,209671.1,5.61,2023066.49,5.38,129.82,545531.79,50.0,53.1
2020-01-20,1.75,5.3,55.9,3.0558,126.4,755.26,209671.1,5.61,2023066.49,5.38,119.12,545531.79,50.0,53.1
2020-01-21,1.75,5.3,55.9,3.0765,126.4,755.26,209671.1,5.61,2023066.49,5.38,119.33,545531.79,50.0,53.1
2020-01-22,1.75,5.3,55.9,3.047,126.4,755.26,209671.1,5.61,2023066.49,5.38,77.99,545531.79,50.0,53.1
2020-01-23,1.75,5.3,55.9,3.0287,126.4,755.26,209671.1,5.61,2023066.49,5.38,93.07,545531.79,50.0,53.1
2020-01-24,1.75,5.3,55.9,3.0287,126.4,755.26,209671.1,5.61,2023066.49,5.38,51.96,545531.79,50.0,53.1
2020-01-27,1.75,5.3,55.9,3.0287,126.4,755.26,209671.1,5.61,2023066.49,5.38,72.01,545531.79,50.0,53.1
2020-01-28,1.75,5.3,55.9,3.0287,126.4,755.26,209671.1,5.61,2023066.49,5.38,99.59,545531.79,50.0,53.1
2020-01-29,1.75,5.3,55.9,3.0287,126.4,755.26,209671.1,5.61,2023066.49,5.38,47.02,545531.79,50.0,53.1
2020-01-30,1.75,5.3,55.9,3.0287,126.4,755.26,209671.1,5.61,2023066.49,5.38,188.07,545531.79,50.0,53.1
2020-01-31,1.75,5.3,55.9,3.0287,126.4,755.26,209671.1,5.61,2023066.49,5.38,73.98,545531.79,50.0,53.1
2020-02-03,1.75,6.2,54.3,2.9216,118.9,646.37,209671.1,5.61,2030830.42,5.17,107.52,552700.73,35.7,30.1
2020-02-04,1.75,6.2,54.3,2.8354,118.9,646.37,209671.1,5.61,2030830.42,5.17,143.61,552700.73,35.7,30.1
2020-02-05,1.75,6.2,54.3,2.8687,118.9,646.37,209671.1,5.61,2030830.42,5.17,68.35,552700.73,35.7,30.1
2020-02-06,1.75,6.2,54.3,2.8583,118.9,646.37,209671.1,5.61,2030830.42,5.17,90.63,552700.73,35.7,30.1
2020-02-07,1.75,6.2,54.3,2.8245,118.9,646.37,209671.1,5.61,2030830.42,5.17,78.96,552700.73,35.7,30.1
2020-02-10,1.75,6.2,54.3,2.8014,118.9,646.37,209671.1,5.61,2030830.42,5.17,24.76,552700.73,35.7,30.1
2020-02-11,1.75,6.2,54.3,2.8017,118.9,646.37,209671.1,5.61,2030830.42,5.17,90.26,552700.73,35.7,30.1
2020-02-12,1.75,6.2,54.3,2.8214,118.9,646.37,209671.1,5.61,2030830.42,5.17,62.03,552700.73,35.7,30.1
2020-02-13,1.75,6.2,54.3,2.8331,118.9,646.37,209671.1,5.61,2030830.42,5.17,58.85,552700.73,35.7,30.1
2020-02-14,1.75,6.2,54.3,2.8352,118.9,646.37,209671.1,5.61,2030830.42,5.17,89.18,552700.73,35.7,30.1
2020-02-17,1.75,6.2,54.3,2.8883,118.9,646.37,209671.1,5.61,2030830.42,5.17,84.65,552700.73,35.7,30.1
2020-02-18,1.75,6.2,54.3,2.8701,118.9,646.37,209671.1,5.61,2030830.42,5.17,83.43,552700.73,35.7,30.1
2020-02-19,1.75,6.2,54.3,2.864,118.9,646.37,209671.1,5.61,2030830.42,5.17,54.75,552700.73,35.7,30.1
2020-02-20,1.75,6.2,54.3,2.8802,118.9,646.37,209671.1,5.61,2030830.42,5.17,111.31,552700.73,35.7,30.1
2020-02-21,1.75,6.2,54.3,2.8712,118.9,646.37,209671.1,5.61,2030830.42,5.17,103.92,552700.73,35.7,30.1
2020-02-24,1.75,6.2,54.3,2.8245,118.9,646.37,209671.1,5.61,2030830.42,5.17,80.92,552700.73,35.7,30.1
2020-02-25,1.75,6.2,54.3,2.8087,118.9,646.37,209671.1,5.61,2030830.42,5.17,115.45,552700.73,35.7,30.1
2020-02-26,1.75,6.2,54.3,2.8023,118.9,646.37,209671.1,5.61,2030830.42,5.17,102.6,552700.73,35.7,30.1
2020-02-27,1.75,6.2,54.3,2.7766,118.9,646.37,209671.1,5.61,2030830.42,5.17,63.97,552700.73,35.7,30.1
2020-02-28,1.75,6.2,54.3,2.7265,118.9,646.37,209671.1,5.61,2030830.42,5.17,55.14,552700.73,35.7,30.1
2020-03-02,1.75,5.9,52.2,2.7315,122.2,734.64,209671.1,5.61,2080923.41,4.27,106.23,575050.29,52.0,51.8
2020-03-03,1.75,5.9,52.2,2.7512,122.2,734.64,209671.1,5.61,2080923.41,4.27,123.04,575050.29,52.0,51.8
2020-03-04,1.75,5.9,52.2,2.6885,122.2,734.64,209671.1,5.61,2080923.41,4.27,144.92,575050.29,52.0,51.8
2020-03-05,1.75,5.9,52.2,2.6771,122.2,734.64,209671.1,5.61,2080923.41,4.27,79.18,575050.29,52.0,51.8
2020-03-06,1.75,5.9,52.2,2.6392,122.2,734.64,209671.1,5.61,2080923.41,4.27,51.33,575050.29,52.0,51.8
2020-03-09,1.75,5.9,52.2,2.5544,122.2,734.64,209671.1,5.61,2080923.41,4.27,72.8,575050.29,52.0,51.8
2020-03-10,1.75,5.9,52.2,2.5979,122.2,734.64,209671.1,5.61,2080923.41,4.27,71.65,575050.29,52.0,51.8
2020-03-11,1.75,5.9,52.2,2.6021,122.2,734.64,209671.1,5.61,2080923.41,4.27,90.98,575050.29,52.0,51.8
2020-03-12,1.75,5.9,52.2,2.6283,122.2,734.64,209671.1,5.61,2080923.41,4.27,74.84,575050.29,52.0,51.8
2020-03-13,1.75,5.9,52.2,2.6555,122.2,734.64,209671.1,5.61,2080923.41,4.27,68.07,575050.29,52.0,51.8
2020-03-16,1.75,5.9,52.2,2.6699,122.2,734.64,209671.1,5.61,2080923.41,4.27,34.45,575050.29,52.0,51.8
2020-03-17,1.75,5.9,52.2,2.7064,122.2,734.64,209671.1,5.61,2080923.41,4.27,99.09,575050.29,52.0,51.8
2020-03-18,1.75,5.9,52.2,2.7084,122.2,734.64,209671.1,5.61,2080923.41,4.27,87.61,575050.29,52.0,51.8
2020-03-19,1.75,5.9,52.2,2.718,122.2,734.64,209671.1,5.61,2080923.41,4.27,89.17,575050.29,52.0,51.8
2020-03-20,1.75,5.9,52.2,2.6955,122.2,734.64,209671.1,5.61,2080923.41,4.27,57.8,575050.29,52.0,51.8
2020-03-23,1.75,5.9,52.2,2.642,122.2,734.64,209671.1,5.61,2080923.41,4.27,121.19,575050.29,52.0,51.8
2020-03-24,1.75,5.9,52.2,2.6215,122.2,734.64,209671.1,5.61,2080923.41,4.27,191.01,575050.29,52.0,51.8
2020-03-25,1.75,5.9,52.2,2.6246,122.2,734.64,209671.1,5.61,2080923.41,4.27,53.36,575050.29,52.0,51.8
2020-03-26,1.75,5.9,52.2,2.5958,122.2,734.64,209671.1,5.61,2080923.41,4.27,56.71,575050.29,52.0,51.8
2020-03-27,1.75,5.9,52.2,2.5891,122.2,734.64,209671.1,5.61,2080923.41,4.27,52.13,575050.29,52.0,51.8
2020-03-30,1.75,5.9,52.2,2.6112,122.2,734.64,209671.1,5.61,2080923.41,4.27,103.52,575050.29,52.0,51.8
2020-03-31,1.75,5.9,52.2,2.5897,122.2,734.64,209671.1,5.61,2080923.41,4.27,89.26,575050.29,52.0,51.8
2020-04-01,1.75,5.9,52.2,2.5501,122.2,734.64,209671.1,5.61,2080923.41,4.27,65.6,575050.29,52.0,51.8
2020-04-02,1.75,5.9,52.2,2.5474,122.2,734.64,209671.1,5.61,2080923.41,4.27,47.59,575050.29,52.0,51.8
2020-04-03,1.75,5.9,52.2,2.6153,122.2,734.64,209671.1,5.61,2080923.41,4.27,84.58,575050.29,52.0,51.8
2020-04-06,1.75,6.0,55.6,2.5331,116.4,819.18,209671.1,5.61,2093533.83,3.3,99.33,570150.48,50.8,52.1
2020-04-07,1.75,6.0,55.6,2.5082,116.4,819.18,209671.1,5.61,2093533.83,3.3,106.53,570150.48,50.8,52.1
2020-04-08,1.75,6.0,55.6,2.4756,116.4,819.18,209671.1,5.61,2093533.83,3.3,78.21,570150.48,50.8,52.1
2020-04-09,1.75,6.0,55.6,2.4943,116.4,819.18,209671.1,5.61,2093533.83,3.3,60.91,570150.48,50.8,52.1
2020-04-10,1.75,6.0,55.6,2.5331,116.4,819.18,209671.1,5.61,2093533.83,3.3,85.49,570150.48,50.8,52.1
2020-04-13,1.75,6.0,55.6,2.5488,116.4,819.18,209671.1,5.61,2093533.83,3.3,88.78,570150.48,50.8,52.1
2020-04-14,1.75,6.0,55.6,2.5577,116.4,819.18,209671.1,5.61,2093533.83,3.3,91.17,570150.48,50.8,52.1
2020-04-15,1.75,6.0,55.6,2.5349,116.4,819.18,209671.1,5.61,2093533.83,3.3,89.53,570150.48,50.8,52.1
2020-04-16,1.75,6.0,55.6,2.5173,116.4,819.18,209671.1,5.61,2093533.83,3.3,48.46,570150.48,50.8,52.1
2020-04-17,1.75,6.0,55.6,2.5422,116.4,819.18,209671.1,5.61,2093533.83,3.3,73.51,570150.48,50.8,52.1
2020-04-20,1.75,6.0,55.6,2.5781,116.4,819.18,209671.1,5.61,2093533.83,3.3,25.88,570150.48,50.8,52.1
2020-04-21,1.75,6.0,55.6,2.5711,116.4,819.18,209671.1,5.61,2093533.83,3.3,54.08,570150.48,50.8,52.1
2020-04-22,1.75,6.0,55.6,2.5496,116.4,819.18,209671.1,5.61,2093533.83,3.3,137.26,570150.48,50.8,52.1
2020-04-23,1.75,6.0,55.6,2.4955,116.4,819.18,209671.1,5.61,2093533.83,3.3,100.94,570150.48,50.8,52.1
2020-04-24,1.75,6.0,55.6,2.4872,116.4,819.18,209671.1,5.61,2093533.83,3.3,45.83,570150.48,50.8,52.1
2020-04-27,1.75,6.0,55.6,2.5129,116.4,819.18,209671.1,5.61,2093533.83,3.3,49.0,570150.48,50.8,52.1
2020-04-28,1.75,6.0,55.6,2.4988,116.4,819.18,209671.1,5.61,2093533.83,3.3,95.69,570150.48,50.8,52.1
2020-04-29,1.75,6.0,55.6,2.4874,116.4,819.18,209671.1,5.61,2093533.83,3.3,79.46,570150.48,50.8,52.1
2020-04-30,1.75,6.0,55.6,2.5145,116.4,819.18,209671.1,5.61,2093533.83,3.3,56.95,570150.48,50.8,52.1
2020-05-01,1.75,6.0,55.6,2.5145,116.4,819.18,253450.0,5.61,2093533.83,3.3,60.41,570150.48,50.8,52.1
2020-05-04,1.75,5.9,58.3,2.6125,115.8,934.72,253450.0,5.61,2100183.74,2.44,59.6,581111.06,50.6,52.3
2020-05-05,1.75,5.9,58.3,2.6125,115.8,934.72,253450.0,5.61,2100183.74,2.44,41.64,581111.06,50.6,52.3
2020-05-06,1.75,5.9,58.3,2.5521,115.8,934.72,253450.0,5.61,2100183.74,2.44,80.79,581111.06,50.6,52.3
2020-05-07,1.75,5.9,58.3,2.6084,115.8,934.72,253450.0,5.61,2100183.74,2.44,56.15,581111.06,50.6,52.3
2020-05-08,1.75,5.9,58.3,2.6024,115.8,934.72,253450.0,5.61,2100183.74,2.44,70.48,581111.06,50.6,52.3
2020-05-11,1.75,5.9,58.3,2.6663,115.8,934.72,253450.0,5.61,2100183.74,2.44,37.91,581111.06,50.6,52.3
2020-05-12,1.75,5.9,58.3,2.6469,115.8,934.72,253450.0,5.61,2100183.74,2.44,39.44,581111.06,50.6,52.3
2020-05-13,1.75,5.9,58.3,2.6714,115.8,934.72,253450.0,5.61,2100183.74,2.44,59.53,581111.06,50.6,52.3
2020-05-14,1.75,5.9,58.3,2.7142,115.8,934.72,253450.0,5.61,2100183.74,2.44,82.13,581111.06,50.6,52.3
2020-05-15,1.75,5.9,58.3,2.6906,115.8,934.72,253450.0,5.61,2100183.74,2.44,45.82,581111.06,50.6,52.3
2020-05-18,1.75,5.9,58.3,2.7065,115.8,934.72,253450.0,5.61,2100183.74,2.44,135.1,581111.06,50.6,52.3
2020-05-19,1.75,5.9,58.3,2.7533,115.8,934.72,253450.0,5.61,2100183.74,2.44,99.48,581111.06,50.6,52.3
2020-05-20,1.75,5.9,58.3,2.727,115.8,934.72,253450.0,5.61,2100183.74,2.44,99.69,581111.06,50.6,52.3
2020-05-21,1.75,5.9,58.3,2.6699,115.8,934.72,253450.0,5.61,2100183.74,2.44,73.21,581111.06,50.6,52.3
2020-05-22,1.75,5.9,58.3,2.6124,115.8,934.72,253450.0,5.61,2100183.74,2.44,135.65,581111.06,50.6,52.3
2020-05-25,1.75,5.9,58.3,2.6778,115.8,934.72,253450.0,5.61,2100183.74,2.44,129.13,581111.06,50.6,52.3
2020-05-26,1.75,5.9,58.3,2.7419,115.8,934.72,253450.0,5.61,2100183.74,2.44,120.36,581111.06,50.6,52.3
2020-05-27,1.75,5.9,58.3,2.7564,115.8,934.72,253450.0,5.61,2100183.74,2.44,23.43,581111.06,50.6,52.3
2020-05-28,1.75,5.9,58.3,2.7242,115.8,934.72,253450.0,5.61,2100183.74,2.44,61.02,581111.06,50.6,52.3
2020-05-29,1.75,5.9,58.3,2.7276,115.8,934.72,253450.0,5.61,2100183.74,2.44,137.45,581111.06,50.6,52.3
2020-06-01,1.75,5.7,63.8,2.7438,112.6,843.62,253450.0,5.61,2134948.66,2.48,53.9,604317.97,50.9,53.4
2020-06-02,1.75,5.7,63.8,2.7814,112.6,843.62,253450.0,5.61,2134948.66,2.48,83.04,604317.97,50.9,53.4
2020-06-03,1.75,5.7,63.8,2.7857,112.6,843.62,253450.0,5.61,2134948.66,2.48,114.53,604317.97,50.9,53.4
2020-06-04,1.75,5.7,63.8,2.8236,112.6,843.62,253450.0,5.61,2134948.66,2.48,36.15,604317.97,50.9,53.4
2020-06-05,1.75,5.7,63.8,2.8489,112.6,843.62,253450.0,5.61,2134948.66,2.48,109.98,604317.97,50.9,53.4
2020-06-08,1.75,5.7,63.8,2.814,112.6,843.62,253450.0,5.61,2134948.66,2.48,65.65,604317.97,50.9,53.4
2020-06-09,1.75,5.7,63.8,2.8258,112.6,843.62,253450.0,5.61,2134948.66,2.48,68.3,604317.97,50.9,53.4
2020-06-10,1.75,5.7,63.8,2.8213,112.6,843.62,253450.0,5.61,2134948.66,2.48,95.69,604317.97,50.9,53.4
2020-06-11,1.75,5.7,63.8,2.7739,112.6,843.62,253450.0,5.61,2134948.66,2.48,87.41,604317.97,50.9,53.4
2020-06-12,1.75,5.7,63.8,2.7539,112.6,843.62,253450.0,5.61,2134948.66,2.48,73.61,604317.97,50.9,53.4
2020-06-15,1.75,5.7,63.8,2.7543,112.6,843.62,253450.0,5.61,2134948.66,2.48,102.87,604317.97,50.9,53.4
2020-06-16,1.75,5.7,63.8,2.8366,112.6,843.62,253450.0,5.61,2134948.66,2.48,79.2,604317.97,50.9,53.4
2020-06-17,1.75,5.7,63.8,2.8847,112.6,843.62,253450.0,5.61,2134948.66,2.48,151.38,604317.97,50.9,53.4
2020-06-18,1.75,5.7,63.8,2.8667,112.6,843.62,253450.0,5.61,2134948.66,2.48,101.32,604317.97,50.9,53.4
2020-06-19,1.75,5.7,63.8,2.8683,112.6,843.62,253450.0,5.61,2134948.66,2.48,53.82,604317.97,50.9,53.4
2020-06-22,1.75,5.7,63.8,2.8946,112.6,843.62,253450.0,5.61,2134948.66,2.48,131.45,604317.97,50.9,53.4
2020-06-23,1.75,5.7,63.8,2.9171,112.6,843.62,253450.0,5.61,2134948.66,2.48,56.38,604317.97,50.9,53.4
2020-06-24,1.75,5.7,63.8,2.8686,112.6,843.62,253450.0,5.61,2134948.66,2.48,80.22,604317.97,50.9,53.4
2020-06-25,1.75,5.7,63.8,2.8404,112.6,843.62,253450.0,5.61,2134948.66,2.48,40.78,604317.97,50.9,53.4
2020-06-26,1.75,5.7,63.8,2.8404,112.6,843.62,253450.0,5.61,2134948.66,2.48,44.34,604317.97,50.9,53.4
2020-06-29,1.75,5.7,63.8,2.8488,112.6,843.62,253450.0,5.61,2134948.66,2.48,48.01,604317.97,50.9,53.4
2020-06-30,1.75,5.7,63.8,2.9111,112.6,843.62,253450.0,5.61,2134948.66,2.48,76.92,604317.97,50.9,53.4
2020-07-01,1.75,5.7,63.8,2.8982,112.6,843.62,253450.0,5.61,2134948.66,2.48,107.85,604317.97,50.9,53.4
2020-07-02,1.75,5.7,63.8,2.8668,112.6,843.62,253450.0,5.61,2134948.66,2.48,23.39,604317.97,50.9,53.4
2020-07-03,1.75,5.7,63.8,2.8952,112.6,843.62,253450.0,5.61,2134948.66,2.48,43.97,604317.97,50.9,53.4
2020-07-06,1.75,5.7,64.7,2.9947,117.2,893.41,253450.0,5.61,2125458.46,2.7,72.01,591192.64,51.1,53.1
2020-07-07,1.75,5.7,64.7,3.0428,117.2,893.41,253450.0,5.61,2125458.46,2.7,106.17,591192.64,51.1,53.1
2020-07-08,1.75,5.7,64.7,3.0499,117.2,893.41,253450.0,5.61,2125458.46,2.7,68.6,591192.64,51.1,53.1
2020-07-09,1.75,5.7,64.7,3.0799,117.2,893.41,253450.0,5.61,2125458.46,2.7,55.83,591192.64,51.1,53.1
2020-07-10,1.75,5.7,64.7,3.044,117.2,893.41,253450.0,5.61,2125458.46,2.7,97.43,591192.64,51.1,53.1
2020-07-13,1.75,5.7,64.7,3.0363,117.2,893.41,253450.0,5.61,2125458.46,2.7,92.73,591192.64,51.1,53.1
2020-07-14,1.75,5.7,64.7,3.027,117.2,893.41,253450.0,5.61,2125458.46,2.7,93.8,591192.64,51.1,53.1
2020-07-15,1.75,5.7,64.7,2.9781,117.2,893.41,253450.0,5.61,2125458.46,2.7,103.67,591192.64,51.1,53.1
2020-07-16,1.75,5.7,64.7,2.9503,117.2,893.41,253450.0,5.61,2125458.46,2.7,29.49,591192.64,51.1,53.1
2020-07-17,1.75,5.7,64.7,2.9486,117.2,893.41,253450.0,5.61,2125458.46,2.7,38.32,591192.64,51.1,53.1
2020-07-20,1.75,5.7,64.7,2.9408,117.2,893.41,253450.0,5.61,2125458.46,2.7,87.17,591192.64,51.1,53.1
2020-07-21,1.75,5.7,64.7,2.9047,117.2,893.41,253450.0,5.61,2125458.46,2.7,116.23,591192.64,51.1,53.1
2020-07-22,1.75,5.7,64.7,2.8768,117.2,893.41,253450.0,5.61,2125458.46,2.7,117.13,591192.64,51.1,53.1
2020-07-23,1.75,5.7,64.7,2.901,117.2,893.41,253450.0,5.61,2125458.46,2.7,78.04,591192.64,51.1,53.1
2020-07-24,1.75,5.7,64.7,2.8598,117.2,893.41,253450.0,5.61,2125458.46,2.7,92.75,591192.64,51.1,53.1
2020-07-27,1.75,5.7,64.7,2.8733,117.2,893.41,253450.0,5.61,2125458.46,2.7,137.18,591192.64,51.1,53.1
2020-07-28,1.75,5.7,64.7,2.9073,117.2,893.41,253450.0,5.61,2125458.46,2.7,121.65,591192.64,51.1,53.1
2020-07-29,1.75,5.7,64.7,2.9346,117.2,893.41,253450.0,5.61,2125458.46,2.7,80.91,591192.64,51.1,53.1
2020-07-30,1.75,5.7,64.7,2.944,117.2,893.41,253450.0,5.61,2125458.46,2.7,54.08,591192.64,51.1,53.1
2020-07-31,1.75,5.7,64.7,2.963,117.2,893.41,253450.0,5.61,2125458.46,2.7,38.62,591192.64,51.1,53.1
2020-08-03,1.75,5.6,61.5,2.9533,116.4,821.08,269910.2,5.61,2136836.91,2.38,42.17,601289.1,51.0,54.3
2020-08-04,1.75,5.6,61.5,2.9419,116.4,821.08,269910.2,5.61,2136836.91,2.38,48.71,601289.1,51.0,54.3
2020-08-05,1.75,5.6,61.5,2.9514,116.4,821.08,269910.2,5.61,2136836.91,2.38,33.8,601289.1,51.0,54.3
2020-08-06,1.75,5.6,61.5,2.9719,116.4,821.08,269910.2,5.61,2136836.91,2.38,112.37,601289.1,51.0,54.3
2020-08-07,1.75,5.6,61.5,2.9862,116.4,821.08,269910.2,5.61,2136836.91,2.38,43.82,601289.1,51.0,54.3
2020-08-10,1.75,5.6,61.5,2.9548,116.4,821.08,269910.2,5.61,2136836.91,2.38,40.58,601289.1,51.0,54.3
2020-08-11,1.75,5.6,61.5,2.9579,116.4,821.08,269910.2,5.61,2136836.91,2.38,55.29,601289.1,51.0,54.3
2020-08-12,1.75,5.6,61.5,2.9578,116.4,821.08,269910.2,5.61,2136836.91,2.38,61.83,601289.1,51.0,54.3
2020-08-13,1.75,5.6,61.5,2.9776,116.4,821.08,269910.2,5.61,2136836.91,2.38,88.9,601289.1,51.0,54.3
2020-08-14,1.75,5.6,61.5,2.9398,116.4,821.08,269910.2,5.61,2136836.91,2.38,44.29,601289.1,51.0,54.3
2020-08-17,1.75,5.6,61.5,2.9345,116.4,821.08,269910.2,5.61,2136836.91,2.38,65.55,601289.1,51.0,54.3
2020-08-18,1.75,5.6,61.5,2.967,116.4,821.08,269910.2,5.61,2136836.91,2.38,84.1,601289.1,51.0,54.3
2020-08-19,1.75,5.6,61.5,2.9869,116.4,821.08,269910.2,5.61,2136836.91,2.38,46.66,601289.1,51.0,54.3
2020-08-20,1.75,5.6,61.5,2.9946,116.4,821.08,269910.2,5.61,2136836.91,2.38,122.02,601289.1,51.0,54.3
2020-08-21,1.75,5.6,61.5,2.9832,116.4,821.08,269910.2,5.61,2136836.91,2.38,166.3,601289.1,51.0,54.3
2020-08-24,1.75,5.6,61.5,2.9921,116.4,821.08,269910.2,5.61,2136836.91,2.38,71.24,601289.1,51.0,54.3
2020-08-25,1.75,5.6,61.5,3.0416,116.4,821.08,269910.2,5.61,2136836.91,2.38,85.98,601289.1,51.0,54.3
2020-08-26,1.75,5.6,61.5,3.0577,116.4,821.08,269910.2,5.61,2136836.91,2.38,105.67,601289.1,51.0,54.3
2020-08-27,1.75,5.6,61.5,3.0558,116.4,821.08,269910.2,5.61,2136836.91,2.38,142.09,601289.1,51.0,54.3
2020-08-28,1.75,5.6,61.5,3.0721,116.4,821.08,269910.2,5.61,2136836.91,2.38,64.11,601289.1,51.0,54.3
2020-08-31,1.75,5.6,61.5,3.0167,116.4,821.08,269910.2,5.61,2136836.91,2.38,88.63,601289.1,51.0,54.3
2020-09-01,1.75,5.6,61.5,3.0331,116.4,821.08,269910.2,5.61,2136836.91,2.38,106.37,601289.1,51.0,54.3
2020-09-02,1.75,5.6,61.5,3.0998,116.4,821.08,269910.2,5.61,2136836.91,2.38,109.21,601289.1,51.0,54.3
2020-09-03,1.75,5.6,61.5,3.0949,116.4,821.08,269910.2,5.61,2136836.91,2.38,94.24,601289.1,51.0,54.3
2020-09-04,1.75,5.6,61.5,3.1219,116.4,821.08,269910.2,5.61,2136836.91,2.38,94.9,601289.1,51.0,54.3
2020-09-07,1.75,5.4,61.1,3.1542,120.5,563.82,269910.2,5.61,2164084.8,1.72,149.53,602312.12,51.5,55.2
2020-09-08,1.75,5.4,61.1,3.1233,120.5,563.82,269910.2,5.61,2164084.8,1.72,68.6,602312.12,51.5,55.2
2020-09-09,1.75,5.4,61.1,3.0854,120.5,563.82,269910.2,5.61,2164084.8,1.72,47.32,602312.12,51.5,55.2
2020-09-10,1.75,5.4,61.1,3.0718,120.5,563.82,269910.2,5.61,2164084.8,1.72,145.25,602312.12,51.5,55.2
2020-09-11,1.75,5.4,61.1,3.1241,120.5,563.82,269910.2,5.61,2164084.8,1.72,145.95,602312.12,51.5,55.2
2020-09-14,1.75,5.4,61.1,3.1437,120.5,563.82,269910.2,5.61,2164084.8,1.72,67.31,602312.12,51.5,55.2
2020-09-15,1.75,5.4,61.1,3.0955,120.5,563.82,269910.2,5.61,2164084.8,1.72,115.94,602312.12,51.5,55.2
2020-09-16,1.75,5.4,61.1,3.1238,120.5,563.82,269910.2,5.61,2164084.8,1.72,82.47,602312.12,51.5,55.2
2020-09-17,1.75,5.4,61.1,3.1338,120.5,563.82,269910.2,5.61,2164084.8,1.72,100.08,602312.12,51.5,55.2
2020-09-18,1.75,5.4,61.1,3.1201,120.5,563.82,269910.2,5.61,2164084.8,1.72,86.34,602312.12,51.5,55.2
2020-09-21,1.75,5.4,61.1,3.102,120.5,563.82,269910.2,5.61,2164084.8,1.72,52.92,602312.12,51.5,55.2
2020-09-22,1.75,5.4,61.1,3.0797,120.5,563.82,269910.2,5.61,2164084.8,1.72,94.39,602312.12,51.5,55.2
2020-09-23,1.75,5.4,61.1,3.0831,120.5,563.82,269910.2,5.61,2164084.8,1.72,62.17,602312.12,51.5,55.2
2020-09-24,1.75,5.4,61.1,3.0766,120.5,563.82,269910.2,5.61,2164084.8,1.72,64.87,602312.12,51.5,55.2
2020-09-25,1.75,5.4,61.1,3.1179,120.5,563.82,269910.2,5.61,2164084.8,1.72,55.35,602312.12,51.5,55.2
2020-09-28,1.75,5.4,61.1,3.1103,120.5,563.82,269910.2,5.61,2164084.8,1.72,104.41,602312.12,51.5,55.2
2020-09-29,1.75,5.4,61.1,3.115,120.5,563.82,269910.2,5.61,2164084.8,1.72,105.16,602312.12,51.5,55.2
2020-09-30,1.75,5.4,61.1,3.1321,120.5,563.82,269910.2,5.61,2164084.8,1.72,104.96,602312.12,51.5,55.2
2020-10-01,1.75,5.4,61.1,3.1321,120.5,563.82,269910.2,5.61,2164084.8,1.72,76.0,602312.12,51.5,55.2
2020-10-02,1.75,5.4,61.1,3.1321,120.5,563.82,269910.2,5.61,2164084.8,1.72,101.93,602312.12,51.5,55.2
2020-10-05,1.75,5.3,59.4,3.1875,121.7,631.75,269910.2,5.61,2149720.42,0.5,66.92,609182.41,51.4,55.5
2020-10-06,1.75,5.3,59.4,3.1875,121.7,631.75,269910.2,5.61,2149720.42,0.5,85.71,609182.41,51.4,55.5
2020-10-07,1.75,5.3,59.4,3.1875,121.7,631.75,269910.2,5.61,2149720.42,0.5,83.25,609182.41,51.4,55.5
2020-10-08,1.75,5.3,59.4,3.1875,121.7,631.75,269910.2,5.61,2149720.42,0.5,113.65,609182.41,51.4,55.5
2020-10-09,1.75,5.3,59.4,3.1796,121.7,631.75,269910.2,5.61,2149720.42,0.5,81.57,609182.41,51.4,55.5
2020-10-12,1.75,5.3,59.4,3.185,121.7,631.75,269910.2,5.61,2149720.42,0.5,67.72,609182.41,51.4,55.5
2020-10-13,1.75,5.3,59.4,3.1866,121.7,631.75,269910.2,5.61,2149720.42,0.5,78.09,609182.41,51.4,55.5
2020-10-14,1.75,5.3,59.4,3.2104,121.7,631.75,269910.2,5.61,2149720.42,0.5,47.69,609182.41,51.4,55.5
2020-10-15,1.75,5.3,59.4,3.2256,121.7,631.75,269910.2,5.61,2149720.42,0.5,107.97,609182.41,51.4,55.5
2020-10-16,1.75,5.3,59.4,3.2228,121.7,631.75,269910.2,5.61,2149720.42,0.5,123.5,609182.41,51.4,55.5
2020-10-19,1.75,5.3,59.4,3.189,121.7,631.75,269910.2,5.61,2149720.42,0.5,95.22,609182.41,51.4,55.5
2020-10-20,1.75,5.3,59.4,3.1908,121.7,631.75,269910.2,5.61,2149720.42,0.5,98.67,609182.41,51.4,55.5
2020-10-21,1.75,5.3,59.4,3.1835,121.7,631.75,269910.2,5.61,2149720.42,0.5,72.01,609182.41,51.4,55.5
2020-10-22,1.75,5.3,59.4,3.1585,121.7,631.75,269910.2,5.61,2149720.42,0.5,101.61,609182.41,51.4,55.5
2020-10-23,1.75,5.3,59.4,3.1818,121.7,631.75,269910.2,5.61,2149720.42,0.5,65.73,609182.41,51.4,55.5
2020-10-26,1.75,5.3,59.4,3.1868,121.7,631.75,269910.2,5.61,2149720.42,0.5,89.93,609182.41,51.4,55.5
2020-10-27,1.75,5.3,59.4,3.1632,121.7,631.75,269910.2,5.61,2149720.42,0.5,130.45,609182.41,51.4,55.5
2020-10-28,1.75,5.3,59.4,3.1783,121.7,631.75,269910.2,5.61,2149720.42,0.5,81.79,609182.41,51.4,55.5
2020-10-29,1.75,5.3,59.4,3.181,121.7,631.75,269910.2,5.61,2149720.42,0.5,89.64,609182.41,51.4,55.5
2020-10-30,1.75,5.3,59.4,3.1822,121.7,631.75,269910.2,5.61,2149720.42,0.5,80.36,609182.41,51.4,55.5
2020-11-02,1.75,5.2,62.1,3.169,124.0,723.91,301836.2,5.61,2172002.55,-0.5,56.63,618632.17,52.1,55.7
2020-11-03,1.75,5.2,62.1,3.1706,124.0,723.91,301836.2,5.61,2172002.55,-0.5,162.63,618632.17,52.1,55.7
2020-11-04,1.75,5.2,62.1,3.1688,124.0,723.91,301836.2,5.61,2172002.55,-0.5,129.57,618632.17,52.1,55.7
2020-11-05,1.75,5.2,62.1,3.1739,124.0,723.91,301836.2,5.61,2172002.55,-0.5,69.65,618632.17,52.1,55.7
2020-11-06,1.75,5.2,62.1,3.2002,124.0,723.91,301836.2,5.61,2172002.55,-0.5,62.93,618632.17,52.1,55.7
2020-11-09,1.75,5.2,62.1,3.222,124.0,723.91,301836.2,5.61,2172002.55,-0.5,105.4,618632.17,52.1,55.7
2020-11-10,1.75,5.2,62.1,3.2236,124.0,723.91,301836.2,5.61,2172002.55,-0.5,58.59,618632.17,52.1,55.7
2020-11-11,1.75,5.2,62.1,3.2248,124.0,723.91,301836.2,5.61,2172002.55,-0.5,97.93,618632.17,52.1,55.7
2020-11-12,1.75,5.2,62.1,3.2474,124.0,723.91,301836.2,5.61,2172002.55,-0.5,52.86,618632.17,52.1,55.7
2020-11-13,1.75,5.2,62.1,3.2639,124.0,723.91,301836.2,5.61,2172002.55,-0.5,69.19,618632.17,52.1,55.7
2020-11-16,1.75,5.2,62.1,3.2673,124.0,723.91,301836.2,5.61,2172002.55,-0.5,70.6,618632.17,52.1,55.7
2020-11-17,1.75,5.2,62.1,3.2811,124.0,723.91,301836.2,5.61,2172002.55,-0.5,45.82,618632.17,52.1,55.7
2020-11-18,1.75,5.2,62.1,3.3091,124.0,723.91,301836.2,5.61,2172002.55,-0.5,109.74,618632.17,52.1,55.7
2020-11-19,1.75,5.2,62.1,3.335,124.0,723.91,301836.2,5.61,2172002.55,-0.5,49.04,618632.17,52.1,55.7
2020-11-20,1.75,5.2,62.1,3.3195,124.0,723.91,301836.2,5.61,2172002.55,-0.5,94.16,618632.17,52.1,55.7
2020-11-23,1.75,5.2,62.1,3.2679,124.0,723.91,301836.2,5.61,2172002.55,-0.5,36.76,618632.17,52.1,55.7
2020-11-24,1.75,5.2,62.1,3.2875,124.0,723.91,301836.2,5.61,2172002.55,-0.5,104.29,618632.17,52.1,55.7
2020-11-25,1.75,5.2,62.1,3.2731,124.0,723.91,301836.2,5.61,2172002.55,-0.5,23.36,618632.17,52.1,55.7
2020-11-26,1.75,5.2,62.1,3.2846,124.0,723.91,301836.2,5.61,2172002.55,-0.5,69.12,618632.17,52.1,55.7
2020-11-27,1.75,5.2,62.1,3.2947,124.0,723.91,301836.2,5.61,2172002.55,-0.5,70.37,618632.17,52.1,55.7
2020-11-30,1.75,5.2,62.1,3.2413,124.0,723.91,301836.2,5.61,2172002.55,-0.5,46.8,618632.17,52.1,55.7
2020-12-01,1.75,5.2,62.1,3.2695,124.0,723.91,301836.2,5.61,2172002.55,-0.5,129.66,618632.17,52.1,55.7
2020-12-02,1.75,5.2,62.1,3.2928,124.0,723.91,301836.2,5.61,2172002.55,-0.5,92.27,618632.17,52.1,55.7
2020-12-03,1.75,5.2,62.1,3.2925,124.0,723.91,301836.2,5.61,2172002.55,-0.5,67.79,618632.17,52.1,55.7
2020-12-04,1.75,5.2,62.1,3.2695,124.0,723.91,301836.2,5.61,2172002.55,-0.5,38.67,618632.17,52.1,55.7
2020-12-07,1.75,5.2,63.0,3.2781,122.1,606.52,301836.2,5.61,2186795.89,0.2,55.04,625580.99,51.9,54.8
2020-12-08,1.75,5.2,63.0,3.2549,122.1,606.52,301836.2,5.61,2186795.89,0.2,78.98,625580.99,51.9,54.8
2020-12-09,1.75,5.2,63.0,3.2694,122.1,606.52,301836.2,5.61,2186795.89,0.2,62.74,625580.99,51.9,54.8
2020-12-10,1.75,5.2,63.0,3.2575,122.1,606.52,301836.2,5.61,2186795.89,0.2,95.42,625580.99,51.9,54.8
2020-12-11,1.75,5.2,63.0,3.292,122.1,606.52,301836.2,5.61,2186795.89,0.2,42.85,625580.99,51.9,54.8
2020-12-14,1.75,5.2,63.0,3.2858,122.1,606.52,301836.2,5.61,2186795.89,0.2,29.8,625580.99,51.9,54.8
2020-12-15,1.75,5.2,63.0,3.2753,122.1,606.52,301836.2,5.61,2186795.89,0.2,89.53,625580.99,51.9,54.8
2020-12-16,1.75,5.2,63.0,3.2764,122.1,606.52,301836.2,5.61,2186795.89,0.2,52.51,625580.99,51.9,54.8
2020-12-17,1.75,5.2,63.0,3.2833,122.1,606.52,301836.2,5.61,2186795.89,0.2,93.12,625580.99,51.9,54.8
2020-12-18,1.75,5.2,63.0,3.2884,122.1,606.52,301836.2,5.61,2186795.89,0.2,79.99,625580.99,51.9,54.8
2020-12-21,1.75,5.2,63.0,3.2713,122.1,606.52,301836.2,5.61,2186795.89,0.2,91.12,625580.99,51.9,54.8
2020-12-22,1.75,5.2,63.0,3.2263,122.1,606.52,301836.2,5.61,2186795.89,0.2,62.68,625580.99,51.9,54.8
2020-12-23,1.75,5.2,63.0,3.2163,122.1,606.52,301836.2,5.61,2186795.89,0.2,68.6,625580.99,51.9,54.8
2020-12-24,1.75,5.2,63.0,3.2245,122.1,606.52,301836.2,5.61,2186795.89,0.2,55.0,625580.99,51.9,54.8
2020-12-25,1.75,5.2,63.0,3.1892,122.1,606.52,301836.2,5.61,2186795.89,0.2,48.24,625580.99,51.9,54.8
2020-12-28,1.75,5.2,63.0,3.169,122.1,606.52,301836.2,5.61,2186795.89,0.2,41.41,625580.99,51.9,54.8
2020-12-29,1.75,5.2,63.0,3.1517,122.1,606.52,301836.2,5.61,2186795.89,0.2,69.01,625580.99,51.9,54.8
2020-12-30,1.75,5.2,63.0,3.1331,122.1,606.52,301836.2,5.61,2186795.89,0.2,59.15,625580.99,51.9,54.8
2020-12-31,1.75,5.2,63.0,3.1391,122.1,606.52,301836.2,5.61,2186795.89,0.2,80.79,625580.99,51.9,54.8
2021-01-01,1.75,5.2,63.0,3.1391,122.1,606.52,301836.2,5.61,2186795.89,0.2,65.27,625580.99,51.9,54.8
2021-01-04,1.75,5.4,65.1,3.1637,122.8,665.31,301836.2,5.61,2213047.33,-0.3,99.33,625563.81,51.3,51.1
2021-01-05,1.75,5.4,65.1,3.1438,122.8,665.31,301836.2,5.61,2213047.33,-0.3,121.85,625563.81,51.3,51.1
2021-01-06,1.75,5.4,65.1,3.1437,122.8,665.31,301836.2,5.61,2213047.33,-0.3,106.57,625563.81,51.3,51.1
2021-01-07,1.75,5.4,65.1,3.1259,122.8,665.31,301836.2,5.61,2213047.33,-0.3,54.24,625563.81,51.3,51.1
2021-01-08,1.75,5.4,65.1,3.1432,122.8,665.31,301836.2,5.61,2213047.33,-0.3,77.74,625563.81,51.3,51.1
2021-01-11,1.75,5.4,65.1,3.1606,122.8,665.31,301836.2,5.61,2213047.33,-0.3,84.14,625563.81,51.3,51.1
2021-01-12,1.75,5.4,65.1,3.1475,122.8,665.31,301836.2,5.61,2213047.33,-0.3,169.88,625563.81,51.3,51.1
2021-01-13,1.75,5.4,65.1,3.1195,122.8,665.31,301836.2,5.61,2213047.33,-0.3,66.5,625563.81,51.3,51.1
2021-01-14,1.75,5.4,65.1,3.1008,122.8,665.31,301836.2,5.61,2213047.33,-0.3,62.11,625563.81,51.3,51.1
2021-01-15,1.75,5.4,65.1,3.145,122.8,665.31,301836.2,5.61,2213047.33,-0.3,57.97,625563.81,51.3,51.1
2021-01-18,1.75,5.4,65.1,3.1656,122.8,665.31,301836.2,5.61,2213047.33,-0.3,94.49,625563.81,51.3,51.1
2021-01-19,1.75,5.4,65.1,3.1623,122.8,665.31,301836.2,5.61,2213047.33,-0.3,66.67,625563.81,51.3,51.1
2021-01-20,1.75,5.4,65.1,3.1563,122.8,665.31,301836.2,5.61,2213047.33,-0.3,87.49,625563.81,51.3,51.1
2021-01-21,1.75,5.4,65.1,3.1335,122.8,665.31,301836.2,5.61,2213047.33,-0.3,47.44,625563.81,51.3,51.1
2021-01-22,1.75,5.4,65.1,3.1236,122.8,665.31,301836.2,5.61,2213047.33,-0.3,93.71,625563.81,51.3,51.1
2021-01-25,1.75,5.4,65.1,3.125,122.8,665.31,301836.2,5.61,2213047.33,-0.3,140.45,625563.81,51.3,51.1
2021-01-26,1.75,5.4,65.1,3.1625,122.8,665.31,301836.2,5.61,2213047.33,-0.3,50.25,625563.81,51.3,51.1
2021-01-27,1.75,5.4,65.1,3.1594,122.8,665.31,301836.2,5.61,2213047.33,-0.3,68.84,625563.81,51.3,51.1
2021-01-28,1.75,5.4,65.1,3.1967,122.8,665.31,301836.2,5.61,2213047.33,-0.3,112.79,625563.81,51.3,51.1
2021-01-29,1.75,5.4,65.1,3.1817,122.8,665.31,301836.2,5.61,2213047.33,-0.3,63.22,625563.81,51.3,51.1
2021-02-01,1.75,5.5,57.4,3.1688,127.0,565.4,255055.2,5.61,2236030.26,-0.2,60.05,593487.46,50.6,50.8
2021-02-02,1.75,5.5,57.4,3.1825,127.0,565.4,255055.2,5.61,2236030.26,-0.2,192.34,593487.46,50.6,50.8
2021-02-03,1.75,5.5,57.4,3.2088,127.0,565.4,255055.2,5.61,2236030.26,-0.2,69.92,593487.46,50.6,50.8
2021-02-04,1.75,5.5,57.4,3.2217,127.0,565.4,255055.2,5.61,2236030.26,-0.2,78.18,593487.46,50.6,50.8
2021-02-05,1.75,5.5,57.4,3.2229,127.0,565.4,255055.2,5.61,2236030.26,-0.2,106.44,593487.46,50.6,50.8
2021-02-08,1.75,5.5,57.4,3.2263,127.0,565.4,255055.2,5.61,2236030.26,-0.2,72.8,593487.46,50.6,50.8
2021-02-09,1.75,5.5,57.4,3.2196,127.0,565.4,255055.2,5.61,2236030.26,-0.2,61.26,593487.46,50.6,50.8
2021-02-10,1.75,5.5,57.4,3.2421,127.0,565.4,255055.2,5.61,2236030.26,-0.2,74.93,593487.46,50.6,50.8
2021-02-11,1.75,5.5,57.4,3.2421,127.0,565.4,255055.2,5.61,2236030.26,-0.2,63.46,593487.46,50.6,50.8
2021-02-12,1.75,5.5,57.4,3.2421,127.0,565.4,255055.2,5.61,2236030.26,-0.2,73.33,593487.46,50.6,50.8
2021-02-15,1.75,5.5,57.4,3.2575,127.0,565.4,255055.2,5.61,2236030.26,-0.2,61.24,593487.46,50.6,50.8
2021-02-16,1.75,5.5,57.4,3.2575,127.0,565.4,255055.2,5.61,2236030.26,-0.2,91.76,593487.46,50.6,50.8
2021-02-17,1.75,5.5,57.4,3.2575,127.0,565.4,255055.2,5.61,2236030.26,-0.2,104.37,593487.46,50.6,50.8
2021-02-18,1.75,5.5,57.4,3.2763,127.0,565.4,255055.2,5.61,2236030.26,-0.2,33.67,593487.46,50.6,50.8
2021-02-19,1.75,5.5,57.4,3.2563,127.0,565.4,255055.2,5.61,2236030.26,-0.2,85.16,593487.46,50.6,50.8
2021-02-22,1.75,5.5,57.4,3.2668,127.0,565.4,255055.2,5.61,2236030.26,-0.2,71.29,593487.46,50.6,50.8
2021-02-23,1.75,5.5,57.4,3.2663,127.0,565.4,255055.2,5.61,2236030.26,-0.2,97.43,593487.46,50.6,50.8
2021-02-24,1.75,5.5,57.4,3.2625,127.0,565.4,255055.2,5.61,2236030.26,-0.2,77.84,593487.46,50.6,50.8
2021-02-25,1.75,5.5,57.4,3.2674,127.0,565.4,255055.2,5.61,2236030.26,-0.2,46.18,593487.46,50.6,50.8
2021-02-26,1.75,5.5,57.4,3.2763,127.0,565.4,255055.2,5.61,2236030.26,-0.2,121.14,593487.46,50.6,50.8
2021-03-01,1.75,5.3,58.2,3.2501,122.2,493.9,255055.2,5.61,2276488.45,0.4,96.3,616113.17,51.9,55.2
2021-03-02,1.75,5.3,58.2,3.2488,122.2,493.9,255055.2,5.61,2276488.45,0.4,137.47,616113.17,51.9,55.2
2021-03-03,1.75,5.3,58.2,3.2559,122.2,493.9,255055.2,5.61,2276488.45,0.4,154.59,616113.17,51.9,55.2
2021-03-04,1.75,5.3,58.2,3.2614,122.2,493.9,255055.2,5.61,2276488.45,0.4,88.44,616113.17,51.9,55.2
2021-03-05,1.75,5.3,58.2,3.2423,122.2,493.9,255055.2,5.61,2276488.45,0.4,88.98,616113.17,51.9,55.2
2021-03-08,1.75,5.3,58.2,3.2346,122.2,493.9,255055.2,5.61,2276488.45,0.4,60.4,616113.17,51.9,55.2
2021-03-09,1.75,5.3,58.2,3.2434,122.2,493.9,255055.2,5.61,2276488.45,0.4,22.26,616113.17,51.9,55.2
2021-03-10,1.75,5.3,58.2,3.236,122.2,493.9,255055.2,5.61,2276488.45,0.4,57.34,616113.17,51.9,55.2
2021-03-11,1.75,5.3,58.2,3.2476,122.2,493.9,255055.2,5.61,2276488.45,0.4,70.39,616113.17,51.9,55.2
2021-03-12,1.75,5.3,58.2,3.2563,122.2,493.9,255055.2,5.61,2276488.45,0.4,49.38,616113.17,51.9,55.2
2021-03-15,1.75,5.3,58.2,3.2701,122.2,493.9,255055.2,5.61,2276488.45,0.4,111.6,616113.17,51.9,55.2
2021-03-16,1.75,5.3,58.2,3.2597,122.2,493.9,255055.2,5.61,2276488.45,0.4,108.84,616113.17,51.9,55.2
2021-03-17,1.75,5.3,58.2,3.2527,122.2,493.9,255055.2,5.61,2276488.45,0.4,93.31,616113.17,51.9,55.2
2021-03-18,1.75,5.3,58.2,3.255,122.2,493.9,255055.2,5.61,2276488.45,0.4,134.94,616113.17,51.9,55.2
2021-03-19,1.75,5.3,58.2,3.2365,122.2,493.9,255055.2,5.61,2276488.45,0.4,42.85,616113.17,51.9,55.2
2021-03-22,1.75,5.3,58.2,3.2266,122.2,493.9,255055.2,5.61,2276488.45,0.4,119.16,616113.17,51.9,55.2
2021-03-23,1.75,5.3,58.2,3.2188,122.2,493.9,255055.2,5.61,2276488.45,0.4,99.46,616113.17,51.9,55.2
2021-03-24,1.75,5.3,58.2,3.1859,122.2,493.9,255055.2,5.61,2276488.45,0.4,76.44,616113.17,51.9,55.2
2021-03-25,1.75,5.3,58.2,3.187,122.2,493.9,255055.2,5.61,2276488.45,0.4,63.78,616113.17,51.9,55.2
2021-03-26,1.75,5.3,58.2,3.1936,122.2,493.9,255055.2,5.61,2276488.45,0.4,69.78,616113.17,51.9,55.2
2021-03-29,1.75,5.3,58.2,3.1938,122.2,493.9,255055.2,5.61,2276488.45,0.4,123.24,616113.17,51.9,55.2
2021-03-30,1.75,5.3,58.2,3.2018,122.2,493.9,255055.2,5.61,2276488.45,0.4,95.42,616113.17,51.9,55.2
2021-03-31,1.75,5.3,58.2,3.1875,122.2,493.9,255055.2,5.61,2276488.45,0.4,76.35,616113.17,51.9,55.2
2021-04-01,1.75,5.3,58.2,3.1937,122.2,493.9,255055.2,5.11,2276488.45,0.4,67.7,616113.17,51.9,55.2
2021-04-02,1.75,5.3,58.2,3.1937,122.2,493.9,255055.2,5.11,2276488.45,0.4,65.7,616113.17,51.9,55.2
2021-04-05,1.75,5.1,56.9,3.2063,121.5,488.23,255055.2,5.11,2262107.12,0.9,74.56,605421.89,51.1,54.4
2021-04-06,1.75,5.1,56.9,3.2038,121.5,488.23,255055.2,5.11,2262107.12,0.9,92.79,605421.89,51.1,54.4
2021-04-07,1.75,5.1,56.9,3.2183,121.5,488.23,255055.2,5.11,2262107.12,0.9,113.79,605421.89,51.1,54.4
2021-04-08,1.75,5.1,56.9,3.2226,121.5,488.23,255055.2,5.11,2262107.12,0.9,32.52,605421.89,51.1,54.4
2021-04-09,1.75,5.1,56.9,3.2063,121.5,488.23,255055.2,5.11,2262107.12,0.9,48.01,605421.89,51.1,54.4
2021-04-12,1.75,5.1,56.9,3.1888,121.5,488.23,255055.2,5.11,2262107.12,0.9,100.38,605421.89,51.1,54.4
2021-04-13,1.75,5.1,56.9,3.1588,121.5,488.23,255055.2,5.11,2262107.12,0.9,95.29,605421.89,51.1,54.4
2021-04-14,1.75,5.1,56.9,3.159,121.5,488.23,255055.2,5.11,2262107.12,0.9,186.3,605421.89,51.1,54.4
2021-04-15,1.75,5.1,56.9,3.1678,121.5,488.23,255055.2,5.11,2262107.12,0.9,103.26,605421.89,51.1,54.4
2021-04-16,1.75,5.1,56.9,3.1571,121.5,488.23,255055.2,5.11,2262107.12,0.9,95.03,605421.89,51.1,54.4
2021-04-19,1.75,5.1,56.9,3.1513,121.5,488.23,255055.2,5.11,2262107.12,0.9,110.42,605421.89,51.1,54.4
2021-04-20,1.75,5.1,56.9,3.1466,121.5,488.23,255055.2,5.11,2262107.12,0.9,125.27,605421.89,51.1,54.4
2021-04-21,1.75,5.1,56.9,3.1475,121.5,488.23,255055.2,5.11,2262107.12,0.9,166.3,605421.89,51.1,54.4
2021-04-22,1.75,5.1,56.9,3.1528,121.5,488.23,255055.2,5.11,2262107.12,0.9,113.77,605421.89,51.1,54.4
2021-04-23,1.75,5.1,56.9,3.1555,121.5,488.23,255055.2,5.11,2262107.12,0.9,146.73,605421.89,51.1,54.4
2021-04-26,1.75,5.1,56.9,3.1928,121.5,488.23,255055.2,5.11,2262107.12,0.9,54.47,605421.89,51.1,54.4
2021-04-27,1.75,5.1,56.9,3.2013,121.5,488.23,255055.2,5.11,2262107.12,0.9,131.65,605421.89,51.1,54.4
2021-04-28,1.75,5.1,56.9,3.1898,121.5,488.23,255055.2,5.11,2262107.12,0.9,50.06,605421.89,51.1,54.4
2021-04-29,1.75,5.1,56.9,3.1809,121.5,488.23,255055.2,5.11,2262107.12,0.9,47.38,605421.89,51.1,54.4
2021-04-30,1.75,5.1,56.9,3.1538,121.5,488.23,255055.2,5.11,2262107.12,0.9,36.4,605421.89,51.1,54.4
2021-05-03,1.75,5.0,61.1,3.1496,121.8,492.68,287979.2,5.11,2275538.07,1.3,97.43,616828.32,51.0,54.3
2021-05-04,1.75,5.0,61.1,3.1496,121.8,492.68,287979.2,5.11,2275538.07,1.3,93.88,616828.32,51.0,54.3
2021-05-05,1.75,5.0,61.1,3.1496,121.8,492.68,287979.2,5.11,2275538.07,1.3,60.39,616828.32,51.0,54.3
2021-05-06,1.75,5.0,61.1,3.1443,121.8,492.68,287979.2,5.11,2275538.07,1.3,76.31,616828.32,51.0,54.3
2021-05-07,1.75,5.0,61.1,3.149,121.8,492.68,287979.2,5.11,2275538.07,1.3,55.93,616828.32,51.0,54.3
2021-05-10,1.75,5.0,61.1,3.1483,121.8,492.68,287979.2,5.11,2275538.07,1.3,49.0,616828.32,51.0,54.3
2021-05-11,1.75,5.0,61.1,3.1317,121.8,492.68,287979.2,5.11,2275538.07,1.3,101.18,616828.32,51.0,54.3
2021-05-12,1.75,5.0,61.1,3.125,121.8,492.68,287979.2,5.11,2275538.07,1.3,63.3,616828.32,51.0,54.3
2021-05-13,1.75,5.0,61.1,3.1385,121.8,492.68,287979.2,5.11,2275538.07,1.3,140.43,616828.32,51.0,54.3
2021-05-14,1.75,5.0,61.1,3.1238,121.8,492.68,287979.2,5.11,2275538.07,1.3,115.36,616828.32,51.0,54.3
2021-05-17,1.75,5.0,61.1,3.1433,121.8,492.68,287979.2,5.11,2275538.07,1.3,92.16,616828.32,51.0,54.3
2021-05-18,1.75,5.0,61.1,3.1391,121.8,492.68,287979.2,5.11,2275538.07,1.3,98.59,616828.32,51.0,54.3
2021-05-19,1.75,5.0,61.1,3.1226,121.8,492.68,287979.2,5.11,2275538.07,1.3,158.96,616828.32,51.0,54.3
2021-05-20,1.75,5.0,61.1,3.0992,121.8,492.68,287979.2,5.11,2275538.07,1.3,125.85,616828.32,51.0,54.3
2021-05-21,1.75,5.0,61.1,3.0685,121.8,492.68,287979.2,5.11,2275538.07,1.3,165.85,616828.32,51.0,54.3
2021-05-24,1.75,5.0,61.1,3.0818,121.8,492.68,287979.2,5.11,2275538.07,1.3,138.41,616828.32,51.0,54.3
2021-05-25,1.75,5.0,61.1,3.0781,121.8,492.68,287979.2,5.11,2275538.07,1.3,170.94,616828.32,51.0,54.3
2021-05-26,1.75,5.0,61.1,3.0717,121.8,492.68,287979.2,5.11,2275538.07,1.3,176.61,616828.32,51.0,54.3
2021-05-27,1.75,5.0,61.1,3.0752,121.8,492.68,287979.2,5.11,2275538.07,1.3,133.34,616828.32,51.0,54.3
2021-05-28,1.75,5.0,61.1,3.0828,121.8,492.68,287979.2,5.11,2275538.07,1.3,140.03,616828.32,51.0,54.3
2021-05-31,1.75,5.0,61.1,3.0575,121.8,492.68,287979.2,5.11,2275538.07,1.3,57.55,616828.32,51.0,54.3
2021-06-01,1.75,5.0,61.1,3.0338,121.8,492.68,287979.2,5.11,2275538.07,1.3,65.87,616828.32,51.0,54.3
2021-06-02,1.75,5.0,61.1,3.0668,121.8,492.68,287979.2,5.11,2275538.07,1.3,68.73,616828.32,51.0,54.3
2021-06-03,1.75,5.0,61.1,3.0594,121.8,492.68,287979.2,5.11,2275538.07,1.3,60.07,616828.32,51.0,54.3
2021-06-04,1.75,5.0,61.1,3.0945,121.8,492.68,287979.2,5.11,2275538.07,1.3,79.61,616828.32,51.0,54.3
2021-06-07,1.75,5.0,57.5,3.1066,122.8,413.07,287979.2,5.11,2317788.36,1.1,54.3,637479.36,50.9,52.3
2021-06-08,1.75,5.0,57.5,3.109,122.8,413.07,287979.2,5.11,2317788.36,1.1,59.73,637479.36,50.9,52.3
2021-06-09,1.75,5.0,57.5,3.1196,122.8,413.07,287979.2,5.11,2317788.36,1.1,93.25,637479.36,50.9,52.3
2021-06-10,1.75,5.0,57.5,3.0992,122.8,413.07,287979.2,5.11,2317788.36,1.1,85.51,637479.36,50.9,52.3
2021-06-11,1.75,5.0,57.5,3.1156,122.8,413.07,287979.2,5.11,2317788.36,1.1,131.48,637479.36,50.9,52.3
2021-06-14,1.75,5.0,57.5,3.1218,122.8,413.07,287979.2,5.11,2317788.36,1.1,29.36,637479.36,50.9,52.3
2021-06-15,1.75,5.0,57.5,3.1206,122.8,413.07,287979.2,5.11,2317788.36,1.1,73.51,637479.36,50.9,52.3
2021-06-16,1.75,5.0,57.5,3.1275,122.8,413.07,287979.2,5.11,2317788.36,1.1,144.79,637479.36,50.9,52.3
2021-06-17,1.75,5.0,57.5,3.1339,122.8,413.07,287979.2,5.11,2317788.36,1.1,138.02,637479.36,50.9,52.3
2021-06-18,1.75,5.0,57.5,3.1218,122.8,413.07,287979.2,5.11,2317788.36,1.1,84.5,637479.36,50.9,52.3
2021-06-21,1.75,5.0,57.5,3.097,122.8,413.07,287979.2,5.11,2317788.36,1.1,94.5,637479.36,50.9,52.3
2021-06-22,1.75,5.0,57.5,3.0872,122.8,413.07,287979.2,5.11,2317788.36,1.1,170.6,637479.36,50.9,52.3
2021-06-23,1.75,5.0,57.5,3.084,122.8,413.07,287979.2,5.11,2317788.36,1.1,41.51,637479.36,50.9,52.3
2021-06-24,1.75,5.0,57.5,3.0842,122.8,413.07,287979.2,5.11,2317788.36,1.1,76.66,637479.36,50.9,52.3
2021-06-25,1.75,5.0,57.5,3.0863,122.8,413.07,287979.2,5.11,2317788.36,1.1,54.79,637479.36,50.9,52.3
2021-06-28,1.75,5.0,57.5,3.0981,122.8,413.07,287979.2,5.11,2317788.36,1.1,97.29,637479.36,50.9,52.3
2021-06-29,1.75,5.0,57.5,3.0882,122.8,413.07,287979.2,5.11,2317788.36,1.1,95.69,637479.36,50.9,52.3
2021-06-30,1.75,5.0,57.5,3.0842,122.8,413.07,287979.2,5.11,2317788.36,1.1,43.82,637479.36,50.9,52.3
2021-07-01,1.75,5.0,57.5,3.0898,122.8,413.07,287979.2,5.11,2317788.36,1.1,64.11,637479.36,50.9,52.3
2021-07-02,1.75,5.0,57.5,3.0813,122.8,413.07,287979.2,5.11,2317788.36,1.1,78.98,637479.36,50.9,52.3
2021-07-05,1.75,5.1,56.6,3.0803,117.8,505.58,287979.2,5.11,2302153.82,1.0,65.99,620367.05,50.4,52.5
2021-07-06,1.75,5.1,56.6,3.0871,117.8,505.58,287979.2,5.11,2302153.82,1.0,63.33,620367.05,50.4,52.5
2021-07-07,1.75,5.1,56.6,3.0575,117.8,505.58,287979.2,5.11,2302153.82,1.0,34.78,620367.05,50.4,52.5
2021-07-08,1.75,5.1,56.6,2.9976,117.8,505.58,287979.2,5.11,2302153.82,1.0,37.86,620367.05,50.4,52.5
2021-07-09,1.75,5.1,56.6,2.9989,117.8,505.58,287979.2,5.11,2302153.82,1.0,32.36,620367.05,50.4,52.5
2021-07-12,1.75,5.1,56.6,2.9825,117.8,505.58,287979.2,5.11,2302153.82,1.0,69.74,620367.05,50.4,52.5
2021-07-13,1.75,5.1,56.6,2.945,117.8,505.58,287979.2,5.11,2302153.82,1.0,77.25,620367.05,50.4,52.5
2021-07-14,1.75,5.1,56.6,2.93,117.8,505.58,287979.2,5.11,2302153.82,1.0,56.22,620367.05,50.4,52.5
2021-07-15,1.75,5.1,56.6,2.9625,117.8,505.58,287979.2,5.11,2302153.82,1.0,104.51,620367.05,50.4,52.5
2021-07-16,1.75,5.1,56.6,2.9711,117.8,505.58,287979.2,5.11,2302153.82,1.0,70.38,620367.05,50.4,52.5
2021-07-19,1.75,5.1,56.6,2.948,117.8,505.58,287979.2,5.11,2302153.82,1.0,50.57,620367.05,50.4,52.5
2021-07-20,1.75,5.1,56.6,2.9613,117.8,505.58,287979.2,5.11,2302153.82,1.0,37.43,620367.05,50.4,52.5
2021-07-21,1.75,5.1,56.6,2.9275,117.8,505.58,287979.2,5.11,2302153.82,1.0,49.92,620367.05,50.4,52.5
2021-07-22,1.75,5.1,56.6,2.9263,117.8,505.58,287979.2,5.11,2302153.82,1.0,95.29,620367.05,50.4,52.5
2021-07-23,1.75,5.1,56.6,2.9463,117.8,505.58,287979.2,5.11,2302153.82,1.0,91.79,620367.05,50.4,52.5
2021-07-26,1.75,5.1,56.6,2.9087,117.8,505.58,287979.2,5.11,2302153.82,1.0,59.15,620367.05,50.4,52.5
2021-07-27,1.75,5.1,56.6,2.9152,117.8,505.58,287979.2,5.11,2302153.82,1.0,79.2,620367.05,50.4,52.5
2021-07-28,1.75,5.1,56.6,2.9388,117.8,505.58,287979.2,5.11,2302153.82,1.0,53.3,620367.05,50.4,52.5
2021-07-29,1.75,5.1,56.6,2.9312,117.8,505.58,287979.2,5.11,2302153.82,1.0,30.92,620367.05,50.4,52.5
2021-07-30,1.75,5.1,56.6,2.9236,117.8,505.58,287979.2,5.11,2302153.82,1.0,80.9,620367.05,50.4,52.5
2021-08-02,1.75,5.1,59.9,2.8438,117.5,592.8,297961.9,5.11,2312267.68,0.8,111.95,626658.69,50.1,45.2
2021-08-03,1.75,5.1,59.9,2.8715,117.5,592.8,297961.9,5.11,2312267.68,0.8,50.82,626658.69,50.1,45.2
2021-08-04,1.75,5.1,59.9,2.8465,117.5,592.8,297961.9,5.11,2312267.68,0.8,89.99,626658.69,50.1,45.2
2021-08-05,1.75,5.1,59.9,2.845,117.5,592.8,297961.9,5.11,2312267.68,0.8,99.66,626658.69,50.1,45.2
2021-08-06,1.75,5.1,59.9,2.8255,117.5,592.8,297961.9,5.11,2312267.68,0.8,63.62,626658.69,50.1,45.2
2021-08-09,1.75,5.1,59.9,2.8438,117.5,592.8,297961.9,5.11,2312267.68,0.8,42.61,626658.69,50.1,45.2
2021-08-10,1.75,5.1,59.9,2.8675,117.5,592.8,297961.9,5.11,2312267.68,0.8,103.37,626658.69,50.1,45.2
2021-08-11,1.75,5.1,59.9,2.8901,117.5,592.8,297961.9,5.11,2312267.68,0.8,71.91,626658.69,50.1,45.2
2021-08-12,1.75,5.1,59.9,2.8663,117.5,592.8,297961.9,5.11,2312267.68,0.8,76.15,626658.69,50.1,45.2
2021-08-13,1.75,5.1,59.9,2.8716,117.5,592.8,297961.9,5.11,2312267.68,0.8,95.29,626658.69,50.1,45.2
2021-08-16,1.75,5.1,59.9,2.8888,117.5,592.8,297961.9,5.11,2312267.68,0.8,127.2,626658.69,50.1,45.2
2021-08-17,1.75,5.1,59.9,2.8813,117.5,592.8,297961.9,5.11,2312267.68,0.8,157.74,626658.69,50.1,45.2
2021-08-18,1.75,5.1,59.9,2.8751,117.5,592.8,297961.9,5.11,2312267.68,0.8,83.16,626658.69,50.1,45.2
2021-08-19,1.75,5.1,59.9,2.8658,117.5,592.8,297961.9,5.11,2312267.68,0.8,49.64,626658.69,50.1,45.2
2021-08-20,1.75,5.1,59.9,2.8788,117.5,592.8,297961.9,5.11,2312267.68,0.8,68.6,626658.69,50.1,45.2
2021-08-23,1.75,5.1,59.9,2.8663,117.5,592.8,297961.9,5.11,2312267.68,0.8,189.93,626658.69,50.1,45.2
2021-08-24,1.75,5.1,59.9,2.8513,117.5,592.8,297961.9,5.11,2312267.68,0.8,133.26,626658.69,50.1,45.2
2021-08-25,1.75,5.1,59.9,2.8512,117.5,592.8,297961.9,5.11,2312267.68,0.8,47.53,626658.69,50.1,45.2
2021-08-26,1.75,5.1,59.9,2.8738,117.5,592.8,297961.9,5.11,2312267.68,0.8,114.39,626658.69,50.1,45.2
2021-08-27,1.75,5.1,59.9,2.8783,117.5,592.8,297961.9,5.11,2312267.68,0.8,103.81,626658.69,50.1,45.2
2021-08-30,1.75,5.1,59.9,2.8825,117.5,592.8,297961.9,5.11,2312267.68,0.8,107.77,626658.69,50.1,45.2
2021-08-31,1.75,5.1,59.9,2.8878,117.5,592.8,297961.9,5.11,2312267.68,0.8,203.01,626658.69,50.1,45.2
2021-09-01,1.75,5.1,59.9,2.8663,117.5,592.8,297961.9,5.11,2312267.68,0.8,80.04,626658.69,50.1,45.2
2021-09-02,1.75,5.1,59.9,2.8588,117.5,592.8,297961.9,5.11,2312267.68,0.8,106.26,626658.69,50.1,45.2
2021-09-03,1.75,5.1,59.9,2.8651,117.5,592.8,297961.9,5.11,2312267.68,0.8,98.69,626658.69,50.1,45.2
2021-09-06,1.75,4.9,55.4,2.8543,121.2,356.06,297961.9,5.11,2342829.7,0.7,81.71,624645.68,49.6,52.4
2021-09-07,1.75,4.9,55.4,2.8552,121.2,356.06,297961.9,5.11,2342829.7,0.7,117.78,624645.68,49.6,52.4
2021-09-08,1.75,4.9,55.4,2.8678,121.2,356.06,297961.9,5.11,2342829.7,0.7,85.3,624645.68,49.6,52.4
2021-09-09,1.75,4.9,55.4,2.8725,121.2,356.06,297961.9,5.11,2342829.7,0.7,73.61,624645.68,49.6,52.4
2021-09-10,1.75,4.9,55.4,2.8785,121.2,356.06,297961.9,5.11,2342829.7,0.7,65.94,624645.68,49.6,52.4
2021-09-13,1.75,4.9,55.4,2.8863,121.2,356.06,297961.9,5.11,2342829.7,0.7,104.92,624645.68,49.6,52.4
2021-09-14,1.75,4.9,55.4,2.8875,121.2,356.06,297961.9,5.11,2342829.7,0.7,69.79,624645.68,49.6,52.4
2021-09-15,1.75,4.9,55.4,2.8963,121.2,356.06,297961.9,5.11,2342829.7,0.7,65.97,624645.68,49.6,52.4
2021-09-16,1.75,4.9,55.4,2.9063,121.2,356.06,297961.9,5.11,2342829.7,0.7,119.12,624645.68,49.6,52.4
2021-09-17,1.75,4.9,55.4,2.8811,121.2,356.06,297961.9,5.11,2342829.7,0.7,151.91,624645.68,49.6,52.4
2021-09-20,1.75,4.9,55.4,2.8701,121.2,356.06,297961.9,5.11,2342829.7,0.7,59.96,624645.68,49.6,52.4
2021-09-21,1.75,4.9,55.4,2.8701,121.2,356.06,297961.9,5.11,2342829.7,0.7,84.71,624645.68,49.6,52.4
2021-09-22,1.75,4.9,55.4,2.8737,121.2,356.06,297961.9,5.11,2342829.7,0.7,54.23,624645.68,49.6,52.4
2021-09-23,1.75,4.9,55.4,2.8565,121.2,356.06,297961.9,5.11,2342829.7,0.7,68.83,624645.68,49.6,52.4
2021-09-24,1.75,4.9,55.4,2.8642,121.2,356.06,297961.9,5.11,2342829.7,0.7,92.75,624645.68,49.6,52.4
2021-09-27,1.75,4.9,55.4,2.8713,121.2,356.06,297961.9,5.11,2342829.7,0.7,57.03,624645.68,49.6,52.4
2021-09-28,1.75,4.9,55.4,2.8763,121.2,356.06,297961.9,5.11,2342829.7,0.7,96.16,624645.68,49.6,52.4
2021-09-29,1.75,4.9,55.4,2.8631,121.2,356.06,297961.9,5.11,2342829.7,0.7,59.4,624645.68,49.6,52.4
2021-09-30,1.75,4.9,55.4,2.8675,121.2,356.06,297961.9,5.11,2342829.7,0.7,102.68,624645.68,49.6,52.4
2021-10-01,1.75,4.9,55.4,2.8675,121.2,356.06,297961.9,5.11,2342829.7,0.7,68.04,624645.68,49.6,52.4
2021-10-04,1.75,4.9,53.5,2.9125,120.2,452.15,297961.9,5.11,2336160.48,1.5,65.81,626082.12,49.2,51.6
2021-10-05,1.75,4.9,53.5,2.9125,120.2,452.15,297961.9,5.11,2336160.48,1.5,171.9,626082.12,49.2,51.6
2021-10-06,1.75,4.9,53.5,2.9125,120.2,452.15,297961.9,5.11,2336160.48,1.5,56.07,626082.12,49.2,51.6
2021-10-07,1.75,4.9,53.5,2.9125,120.2,452.15,297961.9,5.11,2336160.48,1.5,121.31,626082.12,49.2,51.6
2021-10-08,1.75,4.9,53.5,2.8761,120.2,452.15,297961.9,5.11,2336160.48,1.5,94.4,626082.12,49.2,51.6
2021-10-11,1.75,4.9,53.5,2.9575,120.2,452.15,297961.9,5.11,2336160.48,1.5,50.81,626082.12,49.2,51.6
2021-10-12,1.75,4.9,53.5,2.9563,120.2,452.15,297961.9,5.11,2336160.48,1.5,81.57,626082.12,49.2,51.6
2021-10-13,1.75,4.9,53.5,2.9575,120.2,452.15,297961.9,5.11,2336160.48,1.5,94.01,626082.12,49.2,51.6
2021-10-14,1.75,4.9,53.5,2.9525,120.2,452.15,297961.9,5.11,2336160.48,1.5,55.36,626082.12,49.2,51.6
2021-10-15,1.75,4.9,53.5,2.9563,120.2,452.15,297961.9,5.11,2336160.48,1.5,107.15,626082.12,49.2,51.6
2021-10-18,1.75,4.9,53.5,3.0313,120.2,452.15,297961.9,5.11,2336160.48,1.5,126.71,626082.12,49.2,51.6
2021-10-19,1.75,4.9,53.5,3.0379,120.2,452.15,297961.9,5.11,2336160.48,1.5,133.84,626082.12,49.2,51.6
2021-10-20,1.75,4.9,53.5,3.0088,120.2,452.15,297961.9,5.11,2336160.48,1.5,76.41,626082.12,49.2,51.6
2021-10-21,1.75,4.9,53.5,2.9845,120.2,452.15,297961.9,5.11,2336160.48,1.5,94.01,626082.12,49.2,51.6
2021-10-22,1.75,4.9,53.5,2.9788,120.2,452.15,297961.9,5.11,2336160.48,1.5,86.04,626082.12,49.2,51.6
2021-10-25,1.75,4.9,53.5,2.9814,120.2,452.15,297961.9,5.11,2336160.48,1.5,79.63,626082.12,49.2,51.6
2021-10-26,1.75,4.9,53.5,2.9786,120.2,452.15,297961.9,5.11,2336160.48,1.5,144.65,626082.12,49.2,51.6
2021-10-27,1.75,4.9,53.5,2.9763,120.2,452.15,297961.9,5.11,2336160.48,1.5,102.93,626082.12,49.2,51.6
2021-10-28,1.75,4.9,53.5,2.9711,120.2,452.15,297961.9,5.11,2336160.48,1.5,96.13,626082.12,49.2,51.6
2021-10-29,1.75,4.9,53.5,2.9738,120.2,452.15,297961.9,5.11,2336160.48,1.5,55.78,626082.12,49.2,51.6
2021-11-01,1.75,5.0,58.6,2.9624,119.5,491.75,332826.7,5.11,2356012.76,2.3,124.33,637482.04,50.1,51.1
2021-11-02,1.75,5.0,58.6,2.9373,119.5,491.75,332826.7,5.11,2356012.76,2.3,62.87,637482.04,50.1,51.1
2021-11-03,1.75,5.0,58.6,2.9375,119.5,491.75,332826.7,5.11,2356012.76,2.3,73.81,637482.04,50.1,51.1
2021-11-04,1.75,5.0,58.6,2.9279,119.5,491.75,332826.7,5.11,2356012.76,2.3,122.69,637482.04,50.1,51.1
2021-11-05,1.75,5.0,58.6,2.9113,119.5,491.75,332826.7,5.11,2356012.76,2.3,76.94,637482.04,50.1,51.1
2021-11-08,1.75,5.0,58.6,2.9015,119.5,491.75,332826.7,5.11,2356012.76,2.3,46.37,637482.04,50.1,51.1
2021-11-09,1.75,5.0,58.6,2.9002,119.5,491.75,332826.7,5.11,2356012.76,2.3,84.58,637482.04,50.1,51.1
2021-11-10,1.75,5.0,58.6,2.9063,119.5,491.75,332826.7,5.11,2356012.76,2.3,135.3,637482.04,50.1,51.1
2021-11-11,1.75,5.0,58.6,2.9288,119.5,491.75,332826.7,5.11,2356012.76,2.3,83.04,637482.04,50.1,51.1
2021-11-12,1.75,5.0,58.6,2.9326,119.5,491.75,332826.7,5.11,2356012.76,2.3,101.22,637482.04,50.1,51.1
2021-11-15,1.75,5.0,58.6,2.9282,119.5,491.75,332826.7,5.11,2356012.76,2.3,141.16,637482.04,50.1,51.1
2021-11-16,1.75,5.0,58.6,2.9213,119.5,491.75,332826.7,5.11,2356012.76,2.3,122.86,637482.04,50.1,51.1
2021-11-17,1.75,5.0,58.6,2.9225,119.5,491.75,332826.7,5.11,2356012.76,2.3,126.07,637482.04,50.1,51.1
2021-11-18,1.75,5.0,58.6,2.9183,119.5,491.75,332826.7,5.11,2356012.76,2.3,158.17,637482.04,50.1,51.1
2021-11-19,1.75,5.0,58.6,2.9273,119.5,491.75,332826.7,5.11,2356012.76,2.3,108.76,637482.04,50.1,51.1
2021-11-22,1.75,5.0,58.6,2.9167,119.5,491.75,332826.7,5.11,2356012.76,2.3,128.99,637482.04,50.1,51.1
2021-11-23,1.75,5.0,58.6,2.9213,119.5,491.75,332826.7,5.11,2356012.76,2.3,80.91,637482.04,50.1,51.1
2021-11-24,1.75,5.0,58.6,2.9109,119.5,491.75,332826.7,5.11,2356012.76,2.3,87.69,637482.04,50.1,51.1
2021-11-25,1.75,5.0,58.6,2.8878,119.5,491.75,332826.7,5.11,2356012.76,2.3,118.1,637482.04,50.1,51.1
2021-11-26,1.75,5.0,58.6,2.8657,119.5,491.75,332826.7,5.11,2356012.76,2.3,58.98,637482.04,50.1,51.1
2021-11-29,1.75,5.0,58.6,2.8388,119.5,491.75,332826.7,5.11,2356012.76,2.3,60.78,637482.04,50.1,51.1
2021-11-30,1.75,5.0,58.6,2.8315,119.5,491.75,332826.7,5.11,2356012.76,2.3,92.79,637482.04,50.1,51.1
2021-12-01,1.75,5.0,58.6,2.8363,119.5,491.75,332826.7,5.11,2356012.76,2.3,86.94,637482.04,50.1,51.1
2021-12-02,1.75,5.0,58.6,2.855,119.5,491.75,332826.7,5.11,2356012.76,2.3,93.12,637482.04,50.1,51.1
2021-12-03,1.75,5.0,58.6,2.8699,119.5,491.75,332826.7,5.11,2356012.76,2.3,106.17,637482.04,50.1,51.1
2021-12-06,1.75,5.1,58.6,2.8588,119.8,589.81,332826.7,5.11,2382899.56,1.5,120.54,647443.35,50.3,52.0
2021-12-07,1.75,5.1,58.6,2.8393,119.8,589.81,332826.7,5.11,2382899.56,1.5,202.43,647443.35,50.3,52.0
2021-12-08,1.75,5.1,58.6,2.8539,119.8,589.81,332826.7,5.11,2382899.56,1.5,145.56,647443.35,50.3,52.0
2021-12-09,1.75,5.1,58.6,2.8639,119.8,589.81,332826.7,5.11,2382899.56,1.5,104.56,647443.35,50.3,52.0
2021-12-10,1.75,5.1,58.6,2.8537,119.8,589.81,332826.7,5.11,2382899.56,1.5,164.98,647443.35,50.3,52.0
2021-12-13,1.75,5.1,58.6,2.8563,119.8,589.81,332826.7,5.11,2382899.56,1.5,110.42,647443.35,50.3,52.0
2021-12-14,1.75,5.1,58.6,2.8461,119.8,589.81,332826.7,5.11,2382899.56,1.5,129.9,647443.35,50.3,52.0
2021-12-15,1.75,5.1,58.6,2.8457,119.8,589.81,332826.7,5.11,2382899.56,1.5,72.01,647443.35,50.3,52.0
2021-12-16,1.75,5.1,58.6,2.8558,119.8,589.81,332826.7,5.11,2382899.56,1.5,136.25,647443.35,50.3,52.0
2021-12-17,1.75,5.1,58.6,2.8526,119.8,589.81,332826.7,5.11,2382899.56,1.5,95.44,647443.35,50.3,52.0
2021-12-20,1.75,5.1,58.6,2.8525,119.8,589.81,332826.7,5.11,2382899.56,1.5,53.09,647443.35,50.3,52.0
2021-12-21,1.75,5.1,58.6,2.8553,119.8,589.81,332826.7,5.11,2382899.56,1.5,101.41,647443.35,50.3,52.0
2021-12-22,1.75,5.1,58.6,2.8462,119.8,589.81,332826.7,5.11,2382899.56,1.5,141.34,647443.35,50.3,52.0
2021-12-23,1.75,5.1,58.6,2.8365,119.8,589.81,332826.7,5.11,2382899.56,1.5,135.31,647443.35,50.3,52.0
2021-12-24,1.75,5.1,58.6,2.8199,119.8,589.81,332826.7,5.11,2382899.56,1.5,135.72,647443.35,50.3,52.0
2021-12-27,1.75,5.1,58.6,2.8149,119.8,589.81,332826.7,5.11,2382899.56,1.5,78.87,647443.35,50.3,52.0
2021-12-28,1.75,5.1,58.6,2.8025,119.8,589.81,332826.7,5.11,2382899.56,1.5,58.89,647443.35,50.3,52.0
2021-12-29,1.75,5.1,58.6,2.7938,119.8,589.81,332826.7,5.11,2382899.56,1.5,37.89,647443.35,50.3,52.0
2021-12-30,1.75,5.1,58.6,2.7809,119.8,589.81,332826.7,5.11,2382899.56,1.5,147.23,647443.35,50.3,52.0
2021-12-31,1.75,5.1,58.6,2.7722,119.8,589.81,332826.7,5.11,2382899.56,1.5,76.59,647443.35,50.3,52.0
