date,GDP,CPI,UR,NFP,CCI,ICI,M1,M2,TY10,FSI,EPU,GPR,Serv PMI,Manu PMI
20160101,,,,,,,,,,,,208.84,,
20151231,"18,892.21",0.7,5,"143,077.00",92.6,18.8,,,2.27,-0.6,99.34,70.11,55.8,48.2
20151230,,,,,,,,,2.31,-0.65,,141.56,,
20151229,,,,,,,,,2.32,-0.79,,109.35,,
20151228,,,,,,,"3,312.00","12,453.00",2.24,-0.61,,147.82,,
20151227,,,,,,,,,,,,102.93,,
20151226,,,,,,,,,,,,135.35,,
20151225,,,,,,,,,,,,160.93,,
20151224,,,,,,,,,2.25,-0.72,,111.12,,
20151223,,,,,,,,,2.27,-0.72,,73.74,,
20151222,,,,,,,,,2.24,-0.55,,143.28,,
20151221,,,,,,,"3,168.40","12,461.70",2.2,-0.33,,165.02,,
20151220,,,,,,,,,,,,100.6,,
20151219,,,,,,,,,,,,115.44,,
20151218,,,,,,,,,2.19,-0.29,,134.48,,
20151217,,,,,,,,,2.24,-0.65,,162.98,,
20151216,,,,,,,,,2.3,-0.6,,170.6,,
20151215,,,,,,,,,2.28,-0.18,,142.26,,
20151214,,,,,,,"3,006.30","12,406.60",2.23,0.04,,119.42,,
20151213,,,,,,,,,,,,81.62,,
20151212,,,,,,,,,,,,103.65,,
20151211,,,,,,,,,2.13,-0.12,,150,,
20151210,,,,,,,,,2.24,-0.61,,147.41,,
20151209,,,,,,,,,2.22,-0.7,,199.5,,
20151208,,,,,,,,,2.24,-0.88,,197.98,,
20151207,,,,,,,"2,974.90","12,369.40",2.23,-1.1,,197.37,,
20151206,,,,,,,,,,,,135.34,,
20151205,,,,,,,,,,,,158.13,,
20151204,,,,,,,,,2.28,-1.15,,156.33,,
20151203,,,,,,,,,2.33,-1.06,,157.92,,
20151202,,,,,,,,,2.18,-0.96,,192.7,,
20151201,,,,,,,,,2.15,-1.02,,170.5,,
20151130,,0.5,5.1,"142,808.00",91.3,20.8,"3,193.60","12,304.60",2.21,-0.88,92.1,100.23,55.9,48.6
20151129,,,,,,,,,,,,103.52,,
20151128,,,,,,,,,,,,101.36,,
20151127,,,,,,,,,2.22,-1,,237.59,,
20151126,,,,,,,,,,,,172.98,,
20151125,,,,,,,,,2.23,-0.96,,247.62,,
20151124,,,,,,,,,2.24,-0.97,,246.84,,
20151123,,,,,,,"3,077.40","12,270.80",2.25,-1.03,,170.01,,
20151122,,,,,,,,,,,,203.53,,
20151121,,,,,,,,,,,,171.54,,
20151120,,,,,,,,,2.26,-1.13,,212.19,,
20151119,,,,,,,,,2.24,-0.99,,242.89,,
20151118,,,,,,,,,2.27,-0.88,,309.5,,
20151117,,,,,,,,,2.25,-0.78,,354.05,,
20151116,,,,,,,"2,970.10","12,323.50",2.27,-0.6,,291.99,,
20151115,,,,,,,,,,,,129.06,,
20151114,,,,,,,,,,,,121.15,,
20151113,,,,,,,,,2.28,-0.62,,61.57,,
20151112,,,,,,,,,2.32,-0.82,,44.12,,
20151111,,,,,,,,,,-1.01,,51.98,,
20151110,,,,,,,,,2.32,-0.95,,85.3,,
20151109,,,,,,,"2,963.40","12,291.90",2.36,-0.93,,87.31,,
20151108,,,,,,,,,,,,84.11,,
20151107,,,,,,,,,,,,102.22,,
20151106,,,,,,,,,2.34,-1.09,,89.18,,
20151105,,,,,,,,,2.26,-0.99,,60.45,,
20151104,,,,,,,,,2.25,-0.9,,96.48,,
20151103,,,,,,,,,2.23,-0.98,,53.27,,
20151102,,,,,,,"3,194.30","12,249.40",2.2,-0.95,,109.92,,
20151101,,,,,,,,,,,,46.56,,
20151031,,0.2,5,"142,579.00",90,16.4,,,,,102.89,81.29,59.1,50.1
20151030,,,,,,,,,2.16,-0.93,,91.51,,
20151029,,,,,,,,,2.19,-0.84,,62.65,,
20151028,,,,,,,,,2.1,-0.8,,68.04,,
20151027,,,,,,,,,2.05,-0.72,,49.44,,
20151026,,,,,,,"3,085.40","12,132.90",2.07,-0.8,,83.86,,
20151025,,,,,,,,,,,,51.94,,
20151024,,,,,,,,,,,,73.33,,
20151023,,,,,,,,,2.09,-0.84,,79.14,,
20151022,,,,,,,,,2.04,-0.76,,68.85,,
20151021,,,,,,,,,2.04,-0.69,,69.37,,
20151020,,,,,,,,,2.08,-0.7,,70.16,,
20151019,,,,,,,"2,959.50","12,167.40",2.04,-0.59,,85.07,,
20151018,,,,,,,,,,,,67.11,,
20151017,,,,,,,,,,,,110.29,,
20151016,,,,,,,,,2.04,-0.65,,90.19,,
20151015,,,,,,,,,2.04,-0.43,,84.32,,
20151014,,,,,,,,,1.99,-0.23,,105.44,,
20151013,,,,,,,,,2.06,-0.36,,80.69,,
20151012,,,,,,,"2,886.10","12,160.60",,-0.53,,79.32,,
20151011,,,,,,,,,,,,83.11,,
20151010,,,,,,,,,,,,107.57,,
20151009,,,,,,,,,2.12,-0.52,,88.39,,
20151008,,,,,,,,,2.12,-0.31,,70.64,,
20151007,,,,,,,,,2.08,-0.16,,110.68,,
20151006,,,,,,,,,2.05,0.14,,113.13,,
20151005,,,,,,,"3,025.50","12,171.10",2.07,0.26,,91.1,,
20151004,,,,,,,,,,,,81.99,,
20151003,,,,,,,,,,,,70.56,,
20151002,,,,,,,,,1.99,0.65,,180.35,,
20151001,,,,,,,,,2.05,0.77,,128.45,,
20150930,"18,857.42",0,5,"142,275.00",87.2,19.8,,,2.06,0.96,138.72,101.28,56.9,50.2
20150929,,,,,,,,,2.05,1.42,,111.61,,
20150928,,,,,,,"3,146.20","12,074.00",2.1,1.23,,92.13,,
20150927,,,,,,,,,,,,75.04,,
20150926,,,,,,,,,,,,78.38,,
20150925,,,,,,,,,2.17,0.87,,81.84,,
20150924,,,,,,,,,2.13,1.1,,88.7,,
20150923,,,,,,,,,2.16,0.73,,85.78,,
20150922,,,,,,,,,2.14,0.79,,188.75,,
20150921,,,,,,,"3,013.50","12,133.70",2.2,0.33,,86.41,,
20150920,,,,,,,,,,,,68.18,,
20150919,,,,,,,,,,,,83.01,,
20150918,,,,,,,,,2.13,0.45,,83.91,,
20150917,,,,,,,,,2.21,0.3,,83.41,,
20150916,,,,,,,,,2.3,0.25,,83.47,,
20150915,,,,,,,,,2.28,0.45,,122.69,,
20150914,,,,,,,"2,915.60","12,187.30",2.18,0.74,,79.94,,
20150913,,,,,,,,,,,,55.31,,
20150912,,,,,,,,,,,,101.75,,
20150911,,,,,,,,,2.2,0.64,,118.87,,
20150910,,,,,,,,,2.23,0.75,,143.31,,
20150909,,,,,,,,,2.21,0.6,,142.71,,
20150908,,,,,,,,,2.2,0.84,,117.95,,
20150907,,,,,,,"2,932.90","12,161.10",,,,84.08,,
20150906,,,,,,,,,,,,82.64,,
20150905,,,,,,,,,,,,91.28,,
20150904,,,,,,,,,2.13,1.18,,98.03,,
20150903,,,,,,,,,2.18,0.71,,85.49,,
20150902,,,,,,,,,2.2,0.91,,75.72,,
20150901,,,,,,,,,2.17,1.16,,96.33,,
20150831,,0.2,5.1,"142,125.00",91.9,22.1,"3,144.00","12,076.40",2.21,0.46,129.7,79.25,59,51.1
20150830,,,,,,,,,,,,70.75,,
20150829,,,,,,,,,,,,64.28,,
20150828,,,,,,,,,2.19,0.17,,52.89,,
20150827,,,,,,,,,2.18,0.36,,85.71,,
20150826,,,,,,,,,2.18,0.72,,79.11,,
20150825,,,,,,,,,2.12,1.23,,58.12,,
20150824,,,,,,,"3,032.00","12,041.30",2.01,1.48,,103.36,,
20150823,,,,,,,,,,,,55.21,,
20150822,,,,,,,,,,,,79.32,,
20150821,,,,,,,,,2.05,-0.12,,86.26,,
20150820,,,,,,,,,2.09,-0.91,,28.85,,
20150819,,,,,,,,,2.12,-1.29,,121.07,,
20150818,,,,,,,,,2.2,-1.62,,88.54,,
20150817,,,,,,,"2,946.70","12,096.80",2.16,-1.67,,95.61,,
20150816,,,,,,,,,,,,71.24,,
20150815,,,,,,,,,,,,47.83,,
20150814,,,,,,,,,2.2,-1.69,,78.32,,
20150813,,,,,,,,,2.19,-1.55,,110.11,,
20150812,,,,,,,,,2.14,-1.32,,97.43,,
20150811,,,,,,,,,2.15,-1.68,,93.8,,
20150810,,,,,,,"2,915.30","12,063.60",2.24,-2.02,,88.93,,
20150809,,,,,,,,,,,,85.34,,
20150808,,,,,,,,,,,,68.76,,
20150807,,,,,,,,,2.18,-1.87,,90.14,,
20150806,,,,,,,,,2.23,-1.87,,128.8,,
20150805,,,,,,,,,2.28,-2.02,,77.83,,
20150804,,,,,,,,,2.23,-1.93,,155.1,,
20150803,,,,,,,"3,188.60","12,034.70",2.16,-1.89,,28.46,,
20150802,,,,,,,,,,,,69.56,,
20150801,,,,,,,,,,,,64.01,,
20150731,,0.2,5.2,"141,991.00",93.1,24.4,,,2.2,-1.96,98.92,72.27,60.3,52.7
20150730,,,,,,,,,2.28,-1.98,,74.98,,
20150729,,,,,,,,,2.29,-1.96,,99.95,,
20150728,,,,,,,,,2.26,-1.77,,132.93,,
20150727,,,,,,,"3,114.70","11,949.60",2.23,-1.61,,171.44,,
20150726,,,,,,,,,,,,127.41,,
20150725,,,,,,,,,,,,92.13,,
20150724,,,,,,,,,2.27,-1.92,,113.36,,
20150723,,,,,,,,,2.28,-2.15,,87.72,,
20150722,,,,,,,,,2.33,-2.23,,152.95,,
20150721,,,,,,,,,2.35,-2.32,,193.98,,
20150720,,,,,,,"3,006.30","11,998.60",2.38,-2.3,,125.31,,
20150719,,,,,,,,,,,,98.67,,
20150718,,,,,,,,,,,,63.47,,
20150717,,,,,,,,,2.34,-2.3,,146.96,,
20150716,,,,,,,,,2.36,-2.24,,117.65,,
20150715,,,,,,,,,2.36,-2.02,,229.98,,
20150714,,,,,,,,,2.41,-1.94,,67.7,,
20150713,,,,,,,"2,930.20","12,035.20",2.44,-1.76,,123.07,,
20150712,,,,,,,,,,,,105.27,,
20150711,,,,,,,,,,,,81.55,,
20150710,,,,,,,,,2.42,-1.32,,107.39,,
20150709,,,,,,,,,2.32,-0.88,,58.63,,
20150708,,,,,,,,,2.22,-0.61,,61.78,,
20150707,,,,,,,,,2.27,-1.03,,82.09,,
20150706,,,,,,,"3,026.40","12,080.60",2.3,-1.11,,109.33,,
20150705,,,,,,,,,,,,80.4,,
20150704,,,,,,,,,,,,50.12,,
20150703,,,,,,,,,,,,86.95,,
20150702,,,,,,,,,2.4,-1.43,,84.56,,
20150701,,,,,,,,,2.43,-1.45,,93.14,,
20150630,"18,782.24",0.1,5.3,"141,709.00",96.1,20.8,,,2.35,-1.14,108.95,169.32,56,53.5
20150629,,,,,,,"3,188.80","11,947.40",2.33,-1.11,,136.93,,
20150628,,,,,,,,,,,,109.96,,
20150627,,,,,,,,,,,,78.13,,
20150626,,,,,,,,,2.49,-1.98,,81.49,,
20150625,,,,,,,,,2.4,-1.99,,131.01,,
20150624,,,,,,,,,2.38,-2.05,,84.82,,
20150623,,,,,,,,,2.42,-2.15,,103.52,,
20150622,,,,,,,"3,038.00","11,930.00",2.37,-1.98,,90.68,,
20150621,,,,,,,,,,,,74.67,,
20150620,,,,,,,,,,,,99.45,,
20150619,,,,,,,,,2.26,-1.56,,44.27,,
20150618,,,,,,,,,2.35,-1.64,,83.09,,
20150617,,,,,,,,,2.32,-1.54,,79.93,,
20150616,,,,,,,,,2.32,-1.45,,114.23,,
20150615,,,,,,,"2,930.70","11,985.50",2.36,-1.44,,63.2,,
20150614,,,,,,,,,,,,64.7,,
20150613,,,,,,,,,,,,56.15,,
20150612,,,,,,,,,2.39,-1.68,,41.64,,
20150611,,,,,,,,,2.39,-1.82,,54.97,,
20150610,,,,,,,,,2.5,-1.71,,48.58,,
20150609,,,,,,,,,2.42,-1.64,,95.46,,
20150608,,,,,,,"2,901.80","11,969.80",2.39,-1.68,,81.79,,
20150607,,,,,,,,,,,,86.6,,
20150606,,,,,,,,,,,,36.68,,
20150605,,,,,,,,,2.41,-1.79,,62.5,,
20150604,,,,,,,,,2.31,-1.79,,84.13,,
20150603,,,,,,,,,2.38,-1.96,,129.12,,
20150602,,,,,,,,,2.27,-1.95,,65.35,,
20150601,,,,,,,"3,087.50","11,932.70",2.19,-1.9,,106.23,,
20150531,,0,5.6,"141,538.00",90.7,17.2,,,,,101.02,84.04,55.7,52.8
20150530,,,,,,,,,,,,68.61,,
20150529,,,,,,,,,2.12,-1.95,,55.47,,
20150528,,,,,,,,,2.13,-2.08,,55.89,,
20150527,,,,,,,,,2.14,-2.08,,83.28,,
20150526,,,,,,,,,2.14,-1.96,,37.4,,
20150525,,,,,,,"3,031.10","11,873.40",,,,86.68,,
20150524,,,,,,,,,,,,63.16,,
20150523,,,,,,,,,,,,80.79,,
20150522,,,,,,,,,2.21,-2.29,,84.29,,
20150521,,,,,,,,,2.19,-2.3,,56.79,,
20150520,,,,,,,,,2.26,-2.23,,71.46,,
20150519,,,,,,,,,2.27,-2.24,,128.44,,
20150518,,,,,,,"2,924.30","11,919.20",2.23,-2.31,,112.12,,
20150517,,,,,,,,,,,,76.89,,
20150516,,,,,,,,,,,,78.19,,
20150515,,,,,,,,,2.14,-2.18,,95.24,,
20150514,,,,,,,,,2.23,-2.14,,77.47,,
20150513,,,,,,,,,2.27,-2.1,,114.38,,
20150512,,,,,,,,,2.28,-1.94,,62.17,,
20150511,,,,,,,"2,880.40","11,904.90",2.28,-2.04,,118.67,,
20150510,,,,,,,,,,,,52.58,,
20150509,,,,,,,,,,,,50.07,,
20150508,,,,,,,,,2.16,-1.97,,71.75,,
20150507,,,,,,,,,2.18,-1.54,,64.28,,
20150506,,,,,,,,,2.25,-1.69,,99.69,,
20150505,,,,,,,,,2.19,-1.68,,44.76,,
20150504,,,,,,,"3,041.90","11,898.00",2.16,-1.82,,70.6,,
20150503,,,,,,,,,,,,43.83,,
20150502,,,,,,,,,,,,41.45,,
20150501,,,,,,,,,2.12,-1.76,,76.24,,
20150430,,-0.2,5.4,"141,196.00",95.9,22.6,,,2.05,-1.7,109.64,52.75,57.8,51.5
20150429,,,,,,,,,2.06,-1.85,,84.1,,
20150428,,,,,,,,,2,-1.93,,46.01,,
20150427,,,,,,,"3,108.60","11,852.80",1.94,-1.78,,76.04,,
20150426,,,,,,,,,,,,39.28,,
20150425,,,,,,,,,,,,41.45,,
20150424,,,,,,,,,1.93,-1.75,,156.4,,
20150423,,,,,,,,,1.96,-1.73,,61.08,,
20150422,,,,,,,,,1.99,-1.72,,75.59,,
20150421,,,,,,,,,1.92,-1.64,,85.28,,
20150420,,,,,,,"3,040.30","12,034.30",1.9,-1.6,,91.73,,
20150419,,,,,,,,,,,,97.81,,
20150418,,,,,,,,,,,,47.48,,
20150417,,,,,,,,,1.87,-1.53,,99.06,,
20150416,,,,,,,,,1.9,-1.79,,104.72,,
20150415,,,,,,,,,1.91,-1.87,,143.66,,
20150414,,,,,,,,,1.9,-1.81,,121.65,,
20150413,,,,,,,"2,943.10","12,091.50",1.94,-1.8,,79.22,,
20150412,,,,,,,,,,,,53,,
20150411,,,,,,,,,,,,74.88,,
20150410,,,,,,,,,1.96,-1.88,,142.14,,
20150409,,,,,,,,,1.97,-1.85,,134.81,,
20150408,,,,,,,,,1.92,-1.76,,166.76,,
20150407,,,,,,,,,1.89,-1.64,,110.13,,
20150406,,,,,,,"3,010.80","12,113.20",1.92,-1.58,,116.79,,
20150405,,,,,,,,,,,,116.46,,
20150404,,,,,,,,,,,,165.63,,
20150403,,,,,,,,,1.85,,,150.14,,
20150402,,,,,,,,,1.92,-1.47,,113.85,,
20150401,,,,,,,,,1.87,-1.35,,138.93,,
20150331,"18,666.62",-0.1,5.4,"140,923.00",93,28.8,,,1.94,-1.32,105.22,131.06,56.5,51.5
20150330,,,,,,,"3,169.70","11,960.90",1.96,-1.57,,123.24,,
20150329,,,,,,,,,,,,129.14,,
20150328,,,,,,,,,,,,91.81,,
20150327,,,,,,,,,1.95,-1.46,,199.25,,
20150326,,,,,,,,,2.01,-1.51,,103.41,,
20150325,,,,,,,,,1.93,-1.69,,105.38,,
20150324,,,,,,,,,1.88,-1.72,,100.38,,
20150323,,,,,,,"3,040.00","11,923.40",1.92,-1.66,,98.3,,
20150322,,,,,,,,,,,,78.87,,
20150321,,,,,,,,,,,,74.56,,
20150320,,,,,,,,,1.93,-1.7,,94.76,,
20150319,,,,,,,,,1.98,-1.56,,55.87,,
20150318,,,,,,,,,1.93,-1.53,,117.37,,
20150317,,,,,,,,,2.06,-1.58,,97.29,,
20150316,,,,,,,"2,938.30","11,979.00",2.1,-1.49,,109.26,,
20150315,,,,,,,,,,,,116.69,,
20150314,,,,,,,,,,,,66.89,,
20150313,,,,,,,,,2.13,-1.37,,67.85,,
20150312,,,,,,,,,2.1,-1.46,,105.61,,
20150311,,,,,,,,,2.11,-1.28,,78.04,,
20150310,,,,,,,,,2.14,-1.35,,89.77,,
20150309,,,,,,,"2,919.70","11,946.90",2.2,-1.76,,79.82,,
20150308,,,,,,,,,,,,86.04,,
20150307,,,,,,,,,,,,59.1,,
20150306,,,,,,,,,2.24,-1.85,,86.04,,
20150305,,,,,,,,,2.11,-1.82,,77.49,,
20150304,,,,,,,,,2.12,-1.76,,218.32,,
20150303,,,,,,,,,2.12,-1.84,,149.37,,
20150302,,,,,,,"3,082.60","11,918.40",2.08,-1.85,,105.47,,
20150301,,,,,,,,,,,,111.41,,
20150228,,0,5.5,"140,827.00",95.4,29.4,,,,,100.32,51.56,56.9,52.9
20150227,,,,,,,,,2,-1.8,,105.94,,
20150226,,,,,,,,,2.03,-1.85,,95.06,,
20150225,,,,,,,,,1.96,-1.83,,114.38,,
20150224,,,,,,,,,1.99,-1.63,,149.09,,
20150223,,,,,,,"3,005.00","11,840.50",2.06,-1.44,,168.18,,
20150222,,,,,,,,,,,,83.69,,
20150221,,,,,,,,,,,,72.01,,
20150220,,,,,,,,,2.13,-1.33,,136.85,,
20150219,,,,,,,,,2.11,-1.36,,143.86,,
20150218,,,,,,,,,2.07,-1.3,,154.67,,
20150217,,,,,,,,,2.14,-1.25,,123.75,,
20150216,,,,,,,"2,927.60","11,854.80",,,,102.52,,
20150215,,,,,,,,,,,,70.78,,
20150214,,,,,,,,,,,,60.35,,
20150213,,,,,,,,,2.02,-1.17,,139.64,,
20150212,,,,,,,,,1.99,-0.99,,76.61,,
20150211,,,,,,,,,2,-0.81,,110.85,,
20150210,,,,,,,,,2.01,-0.82,,134.23,,
20150209,,,,,,,"2,898.30","11,811.80",1.96,-0.77,,128.99,,
20150208,,,,,,,,,,,,107.09,,
20150207,,,,,,,,,,,,116.95,,
20150206,,,,,,,,,1.95,-1,,166.44,,
20150205,,,,,,,,,1.83,-0.89,,89.43,,
20150204,,,,,,,,,1.81,-0.78,,90.7,,
20150203,,,,,,,,,1.79,-0.77,,141.25,,
20150202,,,,,,,"3,093.40","11,778.60",1.68,-0.55,,101.15,,
20150201,,,,,,,,,,,,114.23,,
20150131,,-0.1,5.7,"140,568.00",98.1,31.4,,,,,117.16,60.17,56.7,53.5
20150130,,,,,,,,,1.68,-0.5,,126.52,,
20150129,,,,,,,,,1.77,-0.92,,105.28,,
20150128,,,,,,,,,1.73,-0.91,,146.46,,
20150127,,,,,,,,,1.83,-1.08,,95.16,,
20150126,,,,,,,"2,978.30","11,677.40",1.83,-1.13,,135.93,,
20150125,,,,,,,,,,,,110.42,,
20150124,,,,,,,,,,,,97.72,,
20150123,,,,,,,,,1.81,-0.96,,109.12,,
20150122,,,,,,,,,1.9,-1.01,,98.54,,
20150121,,,,,,,,,1.87,-0.75,,148.51,,
20150120,,,,,,,,,1.82,-0.51,,175.29,,
20150119,,,,,,,"2,871.60","11,752.40",,,,120.26,,
20150118,,,,,,,,,,,,78.13,,
20150117,,,,,,,,,,,,108.23,,
20150116,,,,,,,,,1.83,-0.29,,156.11,,
20150115,,,,,,,,,1.77,-0.34,,132.79,,
20150114,,,,,,,,,1.86,-0.65,,88.39,,
20150113,,,,,,,,,1.91,-0.92,,151.56,,
20150112,,,,,,,"2,839.00","11,797.60",1.92,-0.96,,148.08,,
20150111,,,,,,,,,,,,96.12,,
20150110,,,,,,,,,,,,138.75,,
20150109,,,,,,,,,1.98,-1.14,,64.71,,
20150108,,,,,,,,,2.03,-1.17,,168.64,,
20150107,,,,,,,,,1.96,-0.82,,78.76,,
20150106,,,,,,,,,1.97,-0.69,,66.82,,
20150105,,,,,,,"3,030.20","11,820.40",2.04,-0.93,,100.72,,
20150104,,,,,,,,,,,,16.48,,
20150103,,,,,,,,,,,,53.43,,
20150102,,,,,,,,,2.12,-1.37,,106.86,,
20150101,,,,,,,,,,,,74.58,,
20141231,"18,500.03",0.8,5.6,"140,364.00",93.6,29.4,,,2.17,-1.4,85.19,93.75,56.2,55.1
20141230,,,,,,,,,2.2,-1.44,,69.62,,
20141229,,,,,,,"3,172.30","11,789.70",2.22,-1.59,,92.94,,
20141228,,,,,,,,,,,,32.72,,
20141227,,,,,,,,,,,,60.82,,
20141226,,,,,,,,,2.25,-1.79,,114.02,,
20141225,,,,,,,,,,,,44.02,,
20141224,,,,,,,,,2.27,-1.67,,123.64,,
20141223,,,,,,,,,2.26,-1.65,,56.85,,
20141222,,,,,,,"3,030.60","11,774.60",2.17,-1.54,,74.2,,
20141221,,,,,,,,,,,,109.51,,
20141220,,,,,,,,,,,,73.46,,
20141219,,,,,,,,,2.17,-1.45,,110.97,,
20141218,,,,,,,,,2.22,-1.42,,122.82,,
20141217,,,,,,,,,2.14,-0.99,,144.74,,
20141216,,,,,,,,,2.07,-0.68,,136.07,,
20141215,,,,,,,"2,884.20","11,755.50",2.12,-0.93,,66.97,,
20141214,,,,,,,,,,,,88.24,,
20141213,,,,,,,,,,,,71.81,,
20141212,,,,,,,,,2.1,-1.19,,77.55,,
20141211,,,,,,,,,2.19,-1.41,,81.71,,
20141210,,,,,,,,,2.18,-1.47,,107.79,,
20141209,,,,,,,,,2.22,-1.86,,72.48,,
20141208,,,,,,,"2,837.40","11,715.70",2.26,-2.15,,109.47,,
20141207,,,,,,,,,,,,44,,
20141206,,,,,,,,,,,,61.64,,
20141205,,,,,,,,,2.31,-2.42,,62.5,,
20141204,,,,,,,,,2.25,-2.31,,89.81,,
20141203,,,,,,,,,2.29,-2.24,,88.44,,
20141202,,,,,,,,,2.28,-2.31,,108.91,,
20141201,,,,,,,"2,978.00","11,659.80",2.22,-2.28,,57.56,,
20141130,,1.3,5.8,"140,090.00",88.8,27.1,,,,,88.56,83.94,59.3,58.7
20141129,,,,,,,,,,,,49.1,,
20141128,,,,,,,,,2.18,-2.51,,90.87,,
20141127,,,,,,,,,,,,80.79,,
20141126,,,,,,,,,2.24,-2.77,,119.09,,
20141125,,,,,,,,,2.27,-2.7,,163.64,,
20141124,,,,,,,"2,871.10","11,571.10",2.3,-2.64,,142.11,,
20141123,,,,,,,,,,,,76.59,,
20141122,,,,,,,,,,,,54.01,,
20141121,,,,,,,,,2.31,-2.57,,110.54,,
20141120,,,,,,,,,2.34,-2.43,,89.16,,
20141119,,,,,,,,,2.36,-2.47,,92.24,,
20141118,,,,,,,,,2.32,-2.42,,87.4,,
20141117,,,,,,,"2,776.70","11,633.70",2.34,-2.3,,136.55,,
20141116,,,,,,,,,,,,51.26,,
20141115,,,,,,,,,,,,97.97,,
20141114,,,,,,,,,2.32,-2.41,,77.45,,
20141113,,,,,,,,,2.35,-2.46,,61.54,,
20141112,,,,,,,,,2.37,-2.44,,57.42,,
20141111,,,,,,,,,,-2.63,,77.04,,
20141110,,,,,,,"2,769.90","11,612.10",2.38,-2.61,,57.86,,
20141109,,,,,,,,,,,,67.19,,
20141108,,,,,,,,,,,,62.5,,
20141107,,,,,,,,,2.32,-2.38,,90.21,,
20141106,,,,,,,,,2.39,-2.32,,41.02,,
20141105,,,,,,,,,2.36,-2.31,,103.52,,
20141104,,,,,,,,,2.35,-2.18,,79.88,,
20141103,,,,,,,"3,017.70","11,565.70",2.36,-2.34,,80.91,,
20141102,,,,,,,,,,,,44.94,,
20141101,,,,,,,,,,,,97.52,,
20141031,,1.7,5.7,"139,797.00",86.9,21,,,2.35,-2.47,100.21,89.83,57.1,59
20141030,,,,,,,,,2.32,-2.46,,103.4,,
20141029,,,,,,,,,2.34,-2.42,,92.37,,
20141028,,,,,,,,,2.3,-2.34,,139.38,,
20141027,,,,,,,"2,953.20","11,516.30",2.27,-2.06,,96.68,,
20141026,,,,,,,,,,,,37.71,,
20141025,,,,,,,,,,,,111.97,,
20141024,,,,,,,,,2.29,-2.05,,91.68,,
20141023,,,,,,,,,2.29,-2.01,,74.29,,
20141022,,,,,,,,,2.25,-1.91,,78.5,,
20141021,,,,,,,,,2.23,-1.84,,60.74,,
20141020,,,,,,,"2,842.70","11,560.20",2.2,-1.58,,75.86,,
20141019,,,,,,,,,,,,57.67,,
20141018,,,,,,,,,,,,51.01,,
20141017,,,,,,,,,2.22,-1.29,,86.51,,
20141016,,,,,,,,,2.17,-0.89,,68.58,,
20141015,,,,,,,,,2.15,-1.02,,89.53,,
20141014,,,,,,,,,2.21,-1.6,,70.29,,
20141013,,,,,,,"2,759.70","11,547.50",,-1.83,,80.68,,
20141012,,,,,,,,,,,,41.06,,
20141011,,,,,,,,,,,,64.35,,
20141010,,,,,,,,,2.31,-1.98,,121.7,,
20141009,,,,,,,,,2.34,-2.33,,75.36,,
20141008,,,,,,,,,2.35,-2.49,,80.98,,
20141007,,,,,,,,,2.36,-2.44,,67.6,,
20141006,,,,,,,"2,827.30","11,547.10",2.43,-2.65,,95.29,,
20141005,,,,,,,,,,,,50.48,,
20141004,,,,,,,,,,,,81.09,,
20141003,,,,,,,,,2.45,-2.63,,103.98,,
20141002,,,,,,,,,2.44,-2.4,,57.61,,
20141001,,,,,,,,,2.42,-2.47,,108.34,,
20140930,"18,406.94",1.7,5.9,"139,563.00",84.6,25.7,,,2.52,-2.66,84.34,97.3,58.6,56.6
20140929,,,,,,,"2,979.30","11,441.20",2.5,-2.8,,101.28,,
20140928,,,,,,,,,,,,60.11,,
20140927,,,,,,,,,,,,128.74,,
20140926,,,,,,,,,2.54,-2.96,,151.31,,
20140925,,,,,,,,,2.52,-2.99,,107.53,,
20140924,,,,,,,,,2.57,-3.23,,146.88,,
20140923,,,,,,,,,2.54,-3.09,,179.18,,
20140922,,,,,,,"2,826.50","11,427.30",2.57,-3.22,,80.68,,
20140921,,,,,,,,,,,,79.82,,
20140920,,,,,,,,,,,,76.33,,
20140919,,,,,,,,,2.59,-3.36,,132.81,,
20140918,,,,,,,,,2.63,-3.31,,118.06,,
20140917,,,,,,,,,2.62,-3.24,,159.8,,
20140916,,,,,,,,,2.6,-3.11,,157.35,,
20140915,,,,,,,"2,750.60","11,506.00",2.6,-3.04,,112.87,,
20140914,,,,,,,,,,,,101.93,,
20140913,,,,,,,,,,,,99.94,,
20140912,,,,,,,,,2.62,-3.12,,168.17,,
20140911,,,,,,,,,2.54,-3.1,,118.18,,
20140910,,,,,,,,,2.54,-3.08,,131.68,,
20140909,,,,,,,,,2.5,-3.11,,110.56,,
20140908,,,,,,,"2,737.70","11,485.70",2.48,-3.29,,147.02,,
20140907,,,,,,,,,,,,78.73,,
20140906,,,,,,,,,,,,101.83,,
20140905,,,,,,,,,2.46,-3.33,,117.67,,
20140904,,,,,,,,,2.45,-3.26,,219.84,,
20140903,,,,,,,,,2.41,-3.29,,184.26,,
20140902,,,,,,,,,2.42,-3.26,,219.28,,
20140901,,,,,,,"2,923.10","11,432.40",,,,227.85,,
20140831,,1.7,6.1,"139,269.00",82.5,26.5,,,,,71.26,103.73,59.6,59
20140830,,,,,,,,,,,,127.53,,
20140829,,,,,,,,,2.35,-3.34,,157.34,,
20140828,,,,,,,,,2.34,-3.32,,97.53,,
20140827,,,,,,,,,2.37,-3.43,,143.08,,
20140826,,,,,,,,,2.39,-3.41,,118.14,,
20140825,,,,,,,"2,817.60","11,373.50",2.39,-3.36,,167.6,,
20140824,,,,,,,,,,,,66.79,,
20140823,,,,,,,,,,,,108.71,,
20140822,,,,,,,,,2.4,-3.36,,109.58,,
20140821,,,,,,,,,2.41,-3.35,,153.54,,
20140820,,,,,,,,,2.43,-3.31,,123.03,,
20140819,,,,,,,,,2.4,-3.31,,216.15,,
20140818,,,,,,,"2,731.70","11,431.70",2.39,-3.22,,115.86,,
20140817,,,,,,,,,,,,79.56,,
20140816,,,,,,,,,,,,83.9,,
20140815,,,,,,,,,2.34,-3.01,,131.82,,
20140814,,,,,,,,,2.4,-3.18,,106.74,,
20140813,,,,,,,,,2.43,-3.11,,165.85,,
20140812,,,,,,,,,2.46,-3.02,,150.57,,
20140811,,,,,,,"2,698.00","11,420.80",2.44,-2.94,,206.7,,
20140810,,,,,,,,,,,,117.52,,
20140809,,,,,,,,,,,,142.1,,
20140808,,,,,,,,,2.44,-2.69,,212.4,,
20140807,,,,,,,,,2.43,-2.88,,177.73,,
20140806,,,,,,,,,2.49,-3.04,,159.54,,
20140805,,,,,,,,,2.49,-3.21,,172.58,,
20140804,,,,,,,"2,896.30","11,450.80",2.51,-3.3,,155.7,,
20140803,,,,,,,,,,,,36.16,,
20140802,,,,,,,,,,,,47.03,,
20140801,,,,,,,,,2.52,-3.17,,151.3,,
20140731,,2,6.2,"139,073.00",81.8,29.3,,,2.58,-3.25,76.64,141.77,58.7,57.1
20140730,,,,,,,,,2.57,-3.6,,202.23,,
20140729,,,,,,,,,2.47,-3.67,,169.99,,
20140728,,,,,,,"2,933.00","11,353.40",2.5,-3.72,,149.44,,
20140727,,,,,,,,,,,,110.42,,
20140726,,,,,,,,,,,,131.22,,
20140725,,,,,,,,,2.48,-3.75,,180.28,,
20140724,,,,,,,,,2.52,-3.89,,119.6,,
20140723,,,,,,,,,2.48,-3.85,,217.15,,
20140722,,,,,,,,,2.48,-3.81,,208.98,,
20140721,,,,,,,"2,830.80","11,382.90",2.49,-3.68,,203.45,,
20140720,,,,,,,,,,,,116.23,,
20140719,,,,,,,,,,,,173.85,,
20140718,,,,,,,,,2.5,-3.76,,207.28,,
20140717,,,,,,,,,2.47,-3.62,,147.45,,
20140716,,,,,,,,,2.55,-3.97,,160.09,,
20140715,,,,,,,,,2.56,-3.93,,97.3,,
20140714,,,,,,,"2,753.30","11,412.40",2.55,-3.97,,151.03,,
20140713,,,,,,,,,,,,123.22,,
20140712,,,,,,,,,,,,57.95,,
20140711,,,,,,,,,2.53,-3.78,,116.43,,
20140710,,,,,,,,,2.55,-3.77,,75.13,,
20140709,,,,,,,,,2.57,-3.98,,109.21,,
20140708,,,,,,,,,2.58,-3.94,,114.52,,
20140707,,,,,,,"2,772.00","11,415.50",2.63,-4.07,,124.03,,
20140706,,,,,,,,,,,,90.96,,
20140705,,,,,,,,,,,,73.19,,
20140704,,,,,,,,,,,,92.02,,
20140703,,,,,,,,,2.65,-4.16,,93.11,,
20140702,,,,,,,,,2.64,-4.06,,134.72,,
20140701,,,,,,,,,2.58,-3.98,,127.72,,
20140630,"18,185.91",2.1,6.1,"138,849.00",82.5,25,"2,963.50","11,332.90",2.53,-3.89,81.01,84.1,56,55.3
20140629,,,,,,,,,,,,91.17,,
20140628,,,,,,,,,,,,76.97,,
20140627,,,,,,,,,2.54,-3.96,,136.64,,
20140626,,,,,,,,,2.53,-3.98,,95.02,,
20140625,,,,,,,,,2.57,-4,,94.64,,
20140624,,,,,,,,,2.59,-4.01,,155.02,,
20140623,,,,,,,"2,838.10","11,279.80",2.63,-4.04,,129,,
20140622,,,,,,,,,,,,102.87,,
20140621,,,,,,,,,,,,89.03,,
20140620,,,,,,,,,2.63,-4.1,,143.7,,
20140619,,,,,,,,,2.64,-4.07,,104.75,,
20140618,,,,,,,,,2.61,-3.93,,144.56,,
20140617,,,,,,,,,2.66,-3.88,,207.04,,
20140616,,,,,,,"2,757.70","11,370.00",2.61,-3.77,,135.31,,
20140615,,,,,,,,,,,,65.6,,
20140614,,,,,,,,,,,,74.21,,
20140613,,,,,,,,,2.6,-3.81,,99.45,,
20140612,,,,,,,,,2.58,-3.81,,87.97,,
20140611,,,,,,,,,2.65,-3.97,,130.06,,
20140610,,,,,,,,,2.64,-4.03,,114.52,,
20140609,,,,,,,"2,730.90","11,353.60",2.62,-4.02,,75.93,,
20140608,,,,,,,,,,,,69.89,,
20140607,,,,,,,,,,,,23.87,,
20140606,,,,,,,,,2.6,-3.97,,52.97,,
20140605,,,,,,,,,2.59,-3.71,,107.98,,
20140604,,,,,,,,,2.61,-3.57,,76.47,,
20140603,,,,,,,,,2.6,-3.57,,84.4,,
20140602,,,,,,,"2,910.00","11,335.30",2.54,-3.59,,57.28,,
20140601,,,,,,,,,,,,34.8,,
20140531,,2.1,6.3,"138,512.00",81.9,24.5,,,,,90.39,48.31,56.3,55.4
20140530,,,,,,,,,2.48,-3.63,,64.88,,
20140529,,,,,,,,,2.45,-3.61,,114.97,,
20140528,,,,,,,,,2.44,-3.57,,96.48,,
20140527,,,,,,,,,2.52,-3.54,,68.71,,
20140526,,,,,,,"2,840.80","11,240.70",,,,43.23,,
20140525,,,,,,,,,,,,111.29,,
20140524,,,,,,,,,,,,66.57,,
20140523,,,,,,,,,2.54,-3.5,,110.17,,
20140522,,,,,,,,,2.56,-3.48,,58.46,,
20140521,,,,,,,,,2.54,-3.43,,94.75,,
20140520,,,,,,,,,2.52,-3.31,,77.74,,
20140519,,,,,,,"2,747.20","11,268.00",2.54,-3.36,,56.46,,
20140518,,,,,,,,,,,,67.6,,
20140517,,,,,,,,,,,,40.28,,
20140516,,,,,,,,,2.52,-3.34,,79.41,,
20140515,,,,,,,,,2.5,-3.29,,60.23,,
20140514,,,,,,,,,2.54,-3.53,,113.31,,
20140513,,,,,,,,,2.61,-3.57,,114.08,,
20140512,,,,,,,"2,692.10","11,275.30",2.66,-3.57,,93.84,,
20140511,,,,,,,,,,,,94.45,,
20140510,,,,,,,,,,,,50.38,,
20140509,,,,,,,,,2.62,-3.44,,119.73,,
20140508,,,,,,,,,2.61,-3.4,,121.4,,
20140507,,,,,,,,,2.62,-3.31,,80.21,,
20140506,,,,,,,,,2.61,-3.32,,111.76,,
20140505,,,,,,,"2,794.50","11,274.30",2.63,-3.34,,63.88,,
20140504,,,,,,,,,,,,91.11,,
20140503,,,,,,,,,,,,93.72,,
20140502,,,,,,,,,2.6,-3.36,,92.12,,
20140501,,,,,,,,,2.63,-3.33,,79.18,,
20140430,,2,6.2,"138,297.00",84.1,27.4,,,2.67,-3.26,91.12,182.05,55.2,54.9
20140429,,,,,,,,,2.71,-3.23,,125.79,,
20140428,,,,,,,"2,908.80","11,220.60",2.7,-3.18,,116.31,,
20140427,,,,,,,,,,,,81.62,,
20140426,,,,,,,,,,,,65.63,,
20140425,,,,,,,,,2.68,-3.19,,125.74,,
20140424,,,,,,,,,2.7,-3.34,,66.79,,
20140423,,,,,,,,,2.7,-3.35,,114.79,,
20140422,,,,,,,,,2.73,-3.27,,135.49,,
20140421,,,,,,,"2,836.80","11,344.50",2.73,-3.24,,89.93,,
20140420,,,,,,,,,,,,69.01,,
20140419,,,,,,,,,,,,53.13,,
20140418,,,,,,,,,,,,95.14,,
20140417,,,,,,,,,2.73,-3.18,,82.81,,
20140416,,,,,,,,,2.65,-3.07,,143.85,,
20140415,,,,,,,,,2.64,-2.85,,129.57,,
20140414,,,,,,,"2,732.30","11,405.10",2.65,-2.87,,125,,
20140413,,,,,,,,,,,,46.28,,
20140412,,,,,,,,,,,,62.68,,
20140411,,,,,,,,,2.63,-2.87,,52.94,,
20140410,,,,,,,,,2.65,-3.09,,85.11,,
20140409,,,,,,,,,2.71,-3.26,,142.43,,
20140408,,,,,,,,,2.69,-3.18,,115.94,,
20140407,,,,,,,"2,716.00","11,381.40",2.71,-3.15,,56.96,,
20140406,,,,,,,,,,,,19.49,,
20140405,,,,,,,,,,,,60.45,,
20140404,,,,,,,,,2.74,-3.29,,59.55,,
20140403,,,,,,,,,2.8,-3.3,,63.3,,
20140402,,,,,,,,,2.82,-3.3,,94.75,,
20140401,,,,,,,,,2.77,-3.25,,120.93,,
20140331,"17,953.97",1.5,6.7,"137,985.00",80,26,"2,925.30","11,304.20",2.73,-3.1,93.47,85.82,53.1,53.7
20140330,,,,,,,,,,,,59.99,,
20140329,,,,,,,,,,,,73.03,,
20140328,,,,,,,,,2.73,-3.11,,112.16,,
20140327,,,,,,,,,2.69,-3.01,,87.17,,
20140326,,,,,,,,,2.71,-3.04,,108.48,,
20140325,,,,,,,,,2.75,-2.98,,140.59,,
20140324,,,,,,,"2,797.20","11,257.60",2.74,-2.9,,122.18,,
20140323,,,,,,,,,,,,84.6,,
20140322,,,,,,,,,,,,74.88,,
20140321,,,,,,,,,2.75,-2.94,,117.65,,
20140320,,,,,,,,,2.79,-2.92,,97.97,,
20140319,,,,,,,,,2.78,-2.89,,153.07,,
20140318,,,,,,,,,2.68,-2.85,,194.08,,
20140317,,,,,,,"2,695.60","11,299.70",2.7,-2.68,,135.21,,
20140316,,,,,,,,,,,,107.95,,
20140315,,,,,,,,,,,,97.7,,
20140314,,,,,,,,,2.65,-2.45,,103.85,,
20140313,,,,,,,,,2.66,-2.73,,84.94,,
20140312,,,,,,,,,2.73,-2.98,,124.27,,
20140311,,,,,,,,,2.77,-3.11,,115.14,,
20140310,,,,,,,"2,668.00","11,261.10",2.79,-3.04,,118.64,,
20140309,,,,,,,,,,,,102.87,,
20140308,,,,,,,,,,,,52.73,,
20140307,,,,,,,,,2.8,-3.14,,165.26,,
20140306,,,,,,,,,2.74,-3.16,,142.99,,
20140305,,,,,,,,,2.7,-3.02,,213.84,,
20140304,,,,,,,,,2.7,-2.95,,213.07,,
20140303,,,,,,,"2,808.70","11,207.40",2.6,-2.64,,180.03,,
20140302,,,,,,,,,,,,133.57,,
20140301,,,,,,,,,,,,101.97,,
20140228,,1.1,6.7,"137,712.00",81.6,26.6,,,2.66,-3.12,88.99,70.88,51.6,53.2
20140227,,,,,,,,,2.65,-3.03,,65.92,,
20140226,,,,,,,,,2.67,-3.08,,71.67,,
20140225,,,,,,,,,2.7,-3.13,,61.57,,
20140224,,,,,,,"2,723.90","11,135.60",2.75,-3.05,,69.37,,
20140223,,,,,,,,,,,,38.52,,
20140222,,,,,,,,,,,,28.93,,
20140221,,,,,,,,,2.73,-3.01,,116.56,,
20140220,,,,,,,,,2.76,-2.9,,115.87,,
20140219,,,,,,,,,2.73,-2.95,,85.04,,
20140218,,,,,,,,,2.71,-3.01,,95.14,,
20140217,,,,,,,"2,659.60","11,187.00",,,,84.4,,
20140216,,,,,,,,,,,,50.77,,
20140215,,,,,,,,,,,,68.52,,
20140214,,,,,,,,,2.75,-2.92,,61.68,,
20140213,,,,,,,,,2.73,-2.85,,68.09,,
20140212,,,,,,,,,2.8,-2.95,,59.72,,
20140211,,,,,,,,,2.75,-2.84,,77.7,,
20140210,,,,,,,"2,625.60","11,138.30",2.7,-2.68,,55.36,,
20140209,,,,,,,,,,,,71.87,,
20140208,,,,,,,,,,,,43.26,,
20140207,,,,,,,,,2.71,-2.59,,60.64,,
20140206,,,,,,,,,2.73,-2.34,,43.72,,
20140205,,,,,,,,,2.7,-2.02,,91.35,,
20140204,,,,,,,,,2.64,-1.99,,51.89,,
20140203,,,,,,,"2,839.20","11,089.10",2.61,-1.9,,156.58,,
20140202,,,,,,,,,,,,65.67,,
20140201,,,,,,,,,,,,36.7,,
20140131,,1.6,6.6,"137,561.00",81.2,28.8,,,2.67,-2.23,93.5,75.72,54,51.3
20140130,,,,,,,,,2.72,-2.48,,45.56,,
20140129,,,,,,,,,2.69,-2.56,,66.8,,
20140128,,,,,,,,,2.77,-2.7,,64.61,,
20140127,,,,,,,"2,757.30","11,033.20",2.78,-2.54,,105.47,,
20140126,,,,,,,,,,,,91.62,,
20140125,,,,,,,,,,,,62.09,,
20140124,,,,,,,,,2.75,-2.67,,106.38,,
20140123,,,,,,,,,2.79,-3.24,,61.22,,
20140122,,,,,,,,,2.87,-3.48,,81.95,,
20140121,,,,,,,,,2.85,-3.47,,125.09,,
20140120,,,,,,,"2,674.90","11,100.90",,,,85.71,,
20140119,,,,,,,,,,,,81.52,,
20140118,,,,,,,,,,,,63.13,,
20140117,,,,,,,,,2.84,-3.45,,64.95,,
20140116,,,,,,,,,2.86,-3.44,,60.78,,
20140115,,,,,,,,,2.9,-3.47,,87.8,,
20140114,,,,,,,,,2.88,-3.4,,91.65,,
20140113,,,,,,,"2,594.80","11,131.10",2.84,-3.4,,108.97,,
20140112,,,,,,,,,,,,7.06,,
20140111,,,,,,,,,,,,42.08,,
20140110,,,,,,,,,2.88,-3.48,,96.66,,
20140109,,,,,,,,,2.97,-3.39,,61.47,,
20140108,,,,,,,,,3.01,-3.36,,93.83,,
20140107,,,,,,,,,2.96,-3.31,,91.53,,
20140106,,,,,,,"2,717.00","11,179.00",2.98,-3.18,,103.52,,
20140105,,,,,,,,,,,,65.52,,
20140104,,,,,,,,,,,,32.27,,
20140103,,,,,,,,,3.01,-3.3,,117.95,,
20140102,,,,,,,,,3,-3.23,,82.13,,
20140101,,,,,,,,,,,,112.16,53,56.5